name	type	value
NUM_INVENTORY_SLOTS	int	18
TRUE	int	1
FALSE	int	0
DIRECTION_EAST	float	0.0
DIRECTION_NORTH	float	90.0
DIRECTION_WEST	float	180.0
DIRECTION_SOUTH	float	270.0
PI	float	3.141592
ATTITUDE_NEUTRAL	int	0
ATTITUDE_AGGRESSIVE	int	1
ATTITUDE_DEFENSIVE	int	2
ATTITUDE_SPECIAL	int	3
TALKVOLUME_TALK	int	0
TALKVOLUME_WHISPER	int	1
TALKVOLUME_SHOUT	int	2
TALKVOLUME_SILENT_TALK	int	3
TALKVOLUME_SILENT_SHOUT	int	4
INVENTORY_SLOT_HEAD	int	0
INVENTORY_SLOT_BODY	int	1
INVENTORY_SLOT_HANDS	int	3
INVENTORY_SLOT_RIGHTWEAPON	int	4
INVENTORY_SLOT_LEFTWEAPON	int	5
INVENTORY_SLOT_LEFTARM	int	7
INVENTORY_SLOT_RIGHTARM	int	8
INVENTORY_SLOT_IMPLANT	int	9
INVENTORY_SLOT_BELT	int	10
INVENTORY_SLOT_CWEAPON_L	int	14
INVENTORY_SLOT_CWEAPON_R	int	15
INVENTORY_SLOT_CWEAPON_B	int	16
INVENTORY_SLOT_CARMOUR	int	17
DURATION_TYPE_INSTANT	int	0
DURATION_TYPE_TEMPORARY	int	1
DURATION_TYPE_PERMANENT	int	2
SUBTYPE_MAGICAL	int	8
SUBTYPE_SUPERNATURAL	int	16
SUBTYPE_EXTRAORDINARY	int	24
ABILITY_STRENGTH	int	0
ABILITY_DEXTERITY	int	1
ABILITY_CONSTITUTION	int	2
ABILITY_INTELLIGENCE	int	3
ABILITY_WISDOM	int	4
ABILITY_CHARISMA	int	5
SHAPE_SPELLCYLINDER	int	0
SHAPE_CONE	int	1
SHAPE_CUBE	int	2
SHAPE_SPELLCONE	int	3
SHAPE_SPHERE	int	4
OBJECT_TYPE_CREATURE	int	1
OBJECT_TYPE_ITEM	int	2
OBJECT_TYPE_TRIGGER	int	4
OBJECT_TYPE_DOOR	int	8
OBJECT_TYPE_AREA_OF_EFFECT	int	16
OBJECT_TYPE_WAYPOINT	int	32
OBJECT_TYPE_PLACEABLE	int	64
OBJECT_TYPE_STORE	int	128
OBJECT_TYPE_ENCOUNTER	int	256
OBJECT_TYPE_SOUND	int	512
OBJECT_TYPE_ALL	int	32767
OBJECT_TYPE_INVALID	int	32767
GENDER_MALE	int	0
GENDER_FEMALE	int	1
GENDER_BOTH	int	2
GENDER_OTHER	int	3
GENDER_NONE	int	4
DAMAGE_TYPE_BLUDGEONING	int	1
DAMAGE_TYPE_PIERCING	int	2
DAMAGE_TYPE_SLASHING	int	4
DAMAGE_TYPE_UNIVERSAL	int	8
DAMAGE_TYPE_ACID	int	16
DAMAGE_TYPE_COLD	int	32
DAMAGE_TYPE_LIGHT_SIDE	int	64
DAMAGE_TYPE_ELECTRICAL	int	128
DAMAGE_TYPE_FIRE	int	256
DAMAGE_TYPE_DARK_SIDE	int	512
DAMAGE_TYPE_SONIC	int	1024
DAMAGE_TYPE_ION	int	2048
DAMAGE_TYPE_BLASTER	int	4096
AC_VS_DAMAGE_TYPE_ALL	int	8199
DAMAGE_BONUS_1	int	1
DAMAGE_BONUS_2	int	2
DAMAGE_BONUS_3	int	3
DAMAGE_BONUS_4	int	4
DAMAGE_BONUS_5	int	5
DAMAGE_BONUS_1d4	int	6
DAMAGE_BONUS_1d6	int	7
DAMAGE_BONUS_1d8	int	8
DAMAGE_BONUS_1d10	int	9
DAMAGE_BONUS_2d6	int	10
DAMAGE_POWER_NORMAL	int	0
DAMAGE_POWER_PLUS_ONE	int	1
DAMAGE_POWER_PLUS_TWO	int	2
DAMAGE_POWER_PLUS_THREE	int	3
DAMAGE_POWER_PLUS_FOUR	int	4
DAMAGE_POWER_PLUS_FIVE	int	5
DAMAGE_POWER_ENERGY	int	6
ATTACK_BONUS_MISC	int	0
ATTACK_BONUS_ONHAND	int	1
ATTACK_BONUS_OFFHAND	int	2
AC_DODGE_BONUS	int	0
AC_NATURAL_BONUS	int	1
AC_ARMOUR_ENCHANTMENT_BONUS	int	2
AC_SHIELD_ENCHANTMENT_BONUS	int	3
AC_DEFLECTION_BONUS	int	4
DOOR_ACTION_OPEN	int	0
DOOR_ACTION_UNLOCK	int	1
DOOR_ACTION_BASH	int	2
DOOR_ACTION_IGNORE	int	3
DOOR_ACTION_KNOCK	int	4
PLACEABLE_ACTION_USE	int	0
PLACEABLE_ACTION_UNLOCK	int	1
PLACEABLE_ACTION_BASH	int	2
PLACEABLE_ACTION_KNOCK	int	4
RACIAL_TYPE_UNKNOWN	int	0
RACIAL_TYPE_ELF	int	1
RACIAL_TYPE_GNOME	int	2
RACIAL_TYPE_HALFLING	int	3
RACIAL_TYPE_HALFELF	int	4
RACIAL_TYPE_DROID	int	5
RACIAL_TYPE_HUMAN	int	6
RACIAL_TYPE_ALL	int	7
RACIAL_TYPE_INVALID	int	8
ALIGNMENT_ALL	int	0
ALIGNMENT_NEUTRAL	int	1
ALIGNMENT_LIGHT_SIDE	int	2
ALIGNMENT_DARK_SIDE	int	3
SAVING_THROW_ALL	int	0
SAVING_THROW_FORT	int	1
SAVING_THROW_REFLEX	int	2
SAVING_THROW_WILL	int	3
SAVING_THROW_TYPE_ALL	int	0
SAVING_THROW_TYPE_NONE	int	0
SAVING_THROW_TYPE_ACID	int	1
SAVING_THROW_TYPE_SNEAK_ATTACK	int	2
SAVING_THROW_TYPE_COLD	int	3
SAVING_THROW_TYPE_DEATH	int	4
SAVING_THROW_TYPE_DISEASE	int	5
SAVING_THROW_TYPE_LIGHT_SIDE	int	6
SAVING_THROW_TYPE_ELECTRICAL	int	7
SAVING_THROW_TYPE_FEAR	int	8
SAVING_THROW_TYPE_FIRE	int	9
SAVING_THROW_TYPE_MIND_AFFECTING	int	10
SAVING_THROW_TYPE_DARK_SIDE	int	11
SAVING_THROW_TYPE_POISON	int	12
SAVING_THROW_TYPE_SONIC	int	13
SAVING_THROW_TYPE_TRAP	int	14
SAVING_THROW_TYPE_FORCE_POWER	int	15
SAVING_THROW_TYPE_ION	int	16
SAVING_THROW_TYPE_BLASTER	int	17
SAVING_THROW_TYPE_PARALYSIS	int	18
IMMUNITY_TYPE_NONE	int	0
IMMUNITY_TYPE_MIND_SPELLS	int	1
IMMUNITY_TYPE_POISON	int	2
IMMUNITY_TYPE_DISEASE	int	3
IMMUNITY_TYPE_FEAR	int	4
IMMUNITY_TYPE_TRAP	int	5
IMMUNITY_TYPE_PARALYSIS	int	6
IMMUNITY_TYPE_BLINDNESS	int	7
IMMUNITY_TYPE_DEAFNESS	int	8
IMMUNITY_TYPE_SLOW	int	9
IMMUNITY_TYPE_ENTANGLE	int	10
IMMUNITY_TYPE_SILENCE	int	11
IMMUNITY_TYPE_STUN	int	12
IMMUNITY_TYPE_SLEEP	int	13
IMMUNITY_TYPE_CHARM	int	14
IMMUNITY_TYPE_DOMINATE	int	15
IMMUNITY_TYPE_CONFUSED	int	16
IMMUNITY_TYPE_CURSED	int	17
IMMUNITY_TYPE_DAZED	int	18
IMMUNITY_TYPE_ABILITY_DECREASE	int	19
IMMUNITY_TYPE_ATTACK_DECREASE	int	20
IMMUNITY_TYPE_DAMAGE_DECREASE	int	21
IMMUNITY_TYPE_DAMAGE_IMMUNITY_DECREASE	int	22
IMMUNITY_TYPE_AC_DECREASE	int	23
IMMUNITY_TYPE_MOVEMENT_SPEED_DECREASE	int	24
IMMUNITY_TYPE_SAVING_THROW_DECREASE	int	25
IMMUNITY_TYPE_FORCE_RESISTANCE_DECREASE	int	26
IMMUNITY_TYPE_SKILL_DECREASE	int	27
IMMUNITY_TYPE_KNOCKDOWN	int	28
IMMUNITY_TYPE_NEGATIVE_LEVEL	int	29
IMMUNITY_TYPE_SNEAK_ATTACK	int	30
IMMUNITY_TYPE_CRITICAL_HIT	int	31
IMMUNITY_TYPE_DEATH	int	32
AREA_TRANSITION_RANDOM	int	0
AREA_TRANSITION_USER_DEFINED	int	1
AREA_TRANSITION_CITY_01	int	2
AREA_TRANSITION_CITY_02	int	3
AREA_TRANSITION_CITY_03	int	4
AREA_TRANSITION_CITY_04	int	5
AREA_TRANSITION_CITY_05	int	6
AREA_TRANSITION_CRYPT_01	int	7
AREA_TRANSITION_CRYPT_02	int	8
AREA_TRANSITION_CRYPT_03	int	9
AREA_TRANSITION_CRYPT_04	int	10
AREA_TRANSITION_CRYPT_05	int	11
AREA_TRANSITION_DUNGEON_01	int	12
AREA_TRANSITION_DUNGEON_02	int	13
AREA_TRANSITION_DUNGEON_03	int	14
AREA_TRANSITION_DUNGEON_04	int	15
AREA_TRANSITION_DUNGEON_05	int	16
AREA_TRANSITION_DUNGEON_06	int	17
AREA_TRANSITION_DUNGEON_07	int	18
AREA_TRANSITION_DUNGEON_08	int	19
AREA_TRANSITION_MINES_01	int	20
AREA_TRANSITION_MINES_02	int	21
AREA_TRANSITION_MINES_03	int	22
AREA_TRANSITION_MINES_04	int	23
AREA_TRANSITION_MINES_05	int	24
AREA_TRANSITION_MINES_06	int	25
AREA_TRANSITION_MINES_07	int	26
AREA_TRANSITION_MINES_08	int	27
AREA_TRANSITION_MINES_09	int	28
AREA_TRANSITION_SEWER_01	int	29
AREA_TRANSITION_SEWER_02	int	30
AREA_TRANSITION_SEWER_03	int	31
AREA_TRANSITION_SEWER_04	int	32
AREA_TRANSITION_SEWER_05	int	33
AREA_TRANSITION_CASTLE_01	int	34
AREA_TRANSITION_CASTLE_02	int	35
AREA_TRANSITION_CASTLE_03	int	36
AREA_TRANSITION_CASTLE_04	int	37
AREA_TRANSITION_CASTLE_05	int	38
AREA_TRANSITION_CASTLE_06	int	39
AREA_TRANSITION_CASTLE_07	int	40
AREA_TRANSITION_CASTLE_08	int	41
AREA_TRANSITION_INTERIOR_01	int	42
AREA_TRANSITION_INTERIOR_02	int	43
AREA_TRANSITION_INTERIOR_03	int	44
AREA_TRANSITION_INTERIOR_04	int	45
AREA_TRANSITION_INTERIOR_05	int	46
AREA_TRANSITION_INTERIOR_06	int	47
AREA_TRANSITION_INTERIOR_07	int	48
AREA_TRANSITION_INTERIOR_08	int	49
AREA_TRANSITION_INTERIOR_09	int	50
AREA_TRANSITION_INTERIOR_10	int	51
AREA_TRANSITION_INTERIOR_11	int	52
AREA_TRANSITION_INTERIOR_12	int	53
AREA_TRANSITION_INTERIOR_13	int	54
AREA_TRANSITION_INTERIOR_14	int	55
AREA_TRANSITION_INTERIOR_15	int	56
AREA_TRANSITION_INTERIOR_16	int	57
AREA_TRANSITION_FOREST_01	int	58
AREA_TRANSITION_FOREST_02	int	59
AREA_TRANSITION_FOREST_03	int	60
AREA_TRANSITION_FOREST_04	int	61
AREA_TRANSITION_FOREST_05	int	62
AREA_TRANSITION_RURAL_01	int	63
AREA_TRANSITION_RURAL_02	int	64
AREA_TRANSITION_RURAL_03	int	65
AREA_TRANSITION_RURAL_04	int	66
AREA_TRANSITION_RURAL_05	int	67
AREA_TRANSITION_CITY	int	2
AREA_TRANSITION_CRYPT	int	7
AREA_TRANSITION_FOREST	int	58
AREA_TRANSITION_RURAL	int	63
BODY_NODE_HAND	int	0
BODY_NODE_CHEST	int	1
BODY_NODE_HEAD	int	2
BODY_NODE_HAND_LEFT	int	3
BODY_NODE_HAND_RIGHT	int	4
RADIUS_SIZE_SMALL	float	1.67
RADIUS_SIZE_MEDIUM	float	3.33
RADIUS_SIZE_LARGE	float	5.0
RADIUS_SIZE_HUGE	float	6.67
RADIUS_SIZE_GARGANTUAN	float	8.33
RADIUS_SIZE_COLOSSAL	float	10.0
EFFECT_TYPE_INVALIDEFFECT	int	0
EFFECT_TYPE_DAMAGE_RESISTANCE	int	1
EFFECT_TYPE_REGENERATE	int	3
EFFECT_TYPE_DAMAGE_REDUCTION	int	7
EFFECT_TYPE_TEMPORARY_HITPOINTS	int	9
EFFECT_TYPE_ENTANGLE	int	11
EFFECT_TYPE_INVULNERABLE	int	12
EFFECT_TYPE_DEAF	int	13
EFFECT_TYPE_RESURRECTION	int	14
EFFECT_TYPE_IMMUNITY	int	15
EFFECT_TYPE_ENEMY_ATTACK_BONUS	int	17
EFFECT_TYPE_ARCANE_SPELL_FAILURE	int	18
EFFECT_TYPE_AREA_OF_EFFECT	int	20
EFFECT_TYPE_BEAM	int	21
EFFECT_TYPE_CHARMED	int	23
EFFECT_TYPE_CONFUSED	int	24
EFFECT_TYPE_FRIGHTENED	int	25
EFFECT_TYPE_DOMINATED	int	26
EFFECT_TYPE_PARALYZE	int	27
EFFECT_TYPE_DAZED	int	28
EFFECT_TYPE_STUNNED	int	29
EFFECT_TYPE_SLEEP	int	30
EFFECT_TYPE_POISON	int	31
EFFECT_TYPE_DISEASE	int	32
EFFECT_TYPE_CURSE	int	33
EFFECT_TYPE_SILENCE	int	34
EFFECT_TYPE_TURNED	int	35
EFFECT_TYPE_HASTE	int	36
EFFECT_TYPE_SLOW	int	37
EFFECT_TYPE_ABILITY_INCREASE	int	38
EFFECT_TYPE_ABILITY_DECREASE	int	39
EFFECT_TYPE_ATTACK_INCREASE	int	40
EFFECT_TYPE_ATTACK_DECREASE	int	41
EFFECT_TYPE_DAMAGE_INCREASE	int	42
EFFECT_TYPE_DAMAGE_DECREASE	int	43
EFFECT_TYPE_DAMAGE_IMMUNITY_INCREASE	int	44
EFFECT_TYPE_DAMAGE_IMMUNITY_DECREASE	int	45
EFFECT_TYPE_AC_INCREASE	int	46
EFFECT_TYPE_AC_DECREASE	int	47
EFFECT_TYPE_MOVEMENT_SPEED_INCREASE	int	48
EFFECT_TYPE_MOVEMENT_SPEED_DECREASE	int	49
EFFECT_TYPE_SAVING_THROW_INCREASE	int	50
EFFECT_TYPE_SAVING_THROW_DECREASE	int	51
EFFECT_TYPE_FORCE_RESISTANCE_INCREASE	int	52
EFFECT_TYPE_FORCE_RESISTANCE_DECREASE	int	53
EFFECT_TYPE_SKILL_INCREASE	int	54
EFFECT_TYPE_SKILL_DECREASE	int	55
EFFECT_TYPE_INVISIBILITY	int	56
EFFECT_TYPE_IMPROVEDINVISIBILITY	int	57
EFFECT_TYPE_DARKNESS	int	58
EFFECT_TYPE_DISPELMAGICALL	int	59
EFFECT_TYPE_ELEMENTALSHIELD	int	60
EFFECT_TYPE_NEGATIVELEVEL	int	61
EFFECT_TYPE_DISGUISE	int	62
EFFECT_TYPE_SANCTUARY	int	63
EFFECT_TYPE_TRUESEEING	int	64
EFFECT_TYPE_SEEINVISIBLE	int	65
EFFECT_TYPE_TIMESTOP	int	66
EFFECT_TYPE_BLINDNESS	int	67
EFFECT_TYPE_SPELLLEVELABSORPTION	int	68
EFFECT_TYPE_DISPELMAGICBEST	int	69
EFFECT_TYPE_ULTRAVISION	int	70
EFFECT_TYPE_MISS_CHANCE	int	71
EFFECT_TYPE_CONCEALMENT	int	72
EFFECT_TYPE_SPELL_IMMUNITY	int	73
EFFECT_TYPE_ASSUREDHIT	int	74
EFFECT_TYPE_VISUAL	int	75
EFFECT_TYPE_LIGHTSABERTHROW	int	76
EFFECT_TYPE_FORCEJUMP	int	77
EFFECT_TYPE_ASSUREDDEFLECTION	int	78
ITEM_PROPERTY_ABILITY_BONUS	int	0
ITEM_PROPERTY_AC_BONUS	int	1
ITEM_PROPERTY_AC_BONUS_VS_ALIGNMENT_GROUP	int	2
ITEM_PROPERTY_AC_BONUS_VS_DAMAGE_TYPE	int	3
ITEM_PROPERTY_AC_BONUS_VS_RACIAL_GROUP	int	4
ITEM_PROPERTY_ENHANCEMENT_BONUS	int	5
ITEM_PROPERTY_ENHANCEMENT_BONUS_VS_ALIGNMENT_GROUP	int	6
ITEM_PROPERTY_ENHANCEMENT_BONUS_VS_RACIAL_GROUP	int	7
ITEM_PROPERTY_ATTACK_PENALTY	int	8
ITEM_PROPERTY_BONUS_FEAT	int	9
ITEM_PROPERTY_ACTIVATE_ITEM	int	10
ITEM_PROPERTY_DAMAGE_BONUS	int	11
ITEM_PROPERTY_DAMAGE_BONUS_VS_ALIGNMENT_GROUP	int	12
ITEM_PROPERTY_DAMAGE_BONUS_VS_RACIAL_GROUP	int	13
ITEM_PROPERTY_IMMUNITY_DAMAGE_TYPE	int	14
ITEM_PROPERTY_DECREASED_DAMAGE	int	15
ITEM_PROPERTY_DAMAGE_REDUCTION	int	16
ITEM_PROPERTY_DAMAGE_RESISTANCE	int	17
ITEM_PROPERTY_DAMAGE_VULNERABILITY	int	18
ITEM_PROPERTY_DECREASED_ABILITY_SCORE	int	19
ITEM_PROPERTY_DECREASED_AC	int	20
ITEM_PROPERTY_DECREASED_SKILL_MODIFIER	int	21
ITEM_PROPERTY_EXTRA_MELEE_DAMAGE_TYPE	int	22
ITEM_PROPERTY_EXTRA_RANGED_DAMAGE_TYPE	int	23
ITEM_PROPERTY_IMMUNITY	int	24
ITEM_PROPERTY_IMPROVED_FORCE_RESISTANCE	int	25
ITEM_PROPERTY_IMPROVED_SAVING_THROW	int	26
ITEM_PROPERTY_IMPROVED_SAVING_THROW_SPECIFIC	int	27
ITEM_PROPERTY_KEEN	int	28
ITEM_PROPERTY_LIGHT	int	29
ITEM_PROPERTY_MIGHTY	int	30
ITEM_PROPERTY_NO_DAMAGE	int	31
ITEM_PROPERTY_ON_HIT_PROPERTIES	int	32
ITEM_PROPERTY_DECREASED_SAVING_THROWS	int	33
ITEM_PROPERTY_DECREASED_SAVING_THROWS_SPECIFIC	int	34
ITEM_PROPERTY_REGENERATION	int	35
ITEM_PROPERTY_SKILL_BONUS	int	36
ITEM_PROPERTY_SECURITY_SPIKE	int	37
ITEM_PROPERTY_ATTACK_BONUS	int	38
ITEM_PROPERTY_ATTACK_BONUS_VS_ALIGNMENT_GROUP	int	39
ITEM_PROPERTY_ATTACK_BONUS_VS_RACIAL_GROUP	int	40
ITEM_PROPERTY_DECREASED_ATTACK_MODIFIER	int	41
ITEM_PROPERTY_UNLIMITED_AMMUNITION	int	42
ITEM_PROPERTY_USE_LIMITATION_ALIGNMENT_GROUP	int	43
ITEM_PROPERTY_USE_LIMITATION_CLASS	int	44
ITEM_PROPERTY_USE_LIMITATION_RACIAL_TYPE	int	45
ITEM_PROPERTY_TRAP	int	46
ITEM_PROPERTY_TRUE_SEEING	int	47
ITEM_PROPERTY_ON_MONSTER_HIT	int	48
ITEM_PROPERTY_MASSIVE_CRITICALS	int	49
ITEM_PROPERTY_FREEDOM_OF_MOVEMENT	int	50
ITEM_PROPERTY_MONSTER_DAMAGE	int	51
ITEM_PROPERTY_SPECIAL_WALK	int	52
ITEM_PROPERTY_COMPUTER_SPIKE	int	53
ITEM_PROPERTY_REGENERATION_FORCE_POINTS	int	54
ITEM_PROPERTY_BLASTER_BOLT_DEFLECT_INCREASE	int	55
ITEM_PROPERTY_BLASTER_BOLT_DEFLECT_DECREASE	int	56
ITEM_PROPERTY_USE_LIMITATION_FEAT	int	57
ITEM_PROPERTY_DROID_REPAIR_KIT	int	58
BASE_ITEM_QUARTER_STAFF	int	0
BASE_ITEM_STUN_BATON	int	1
BASE_ITEM_LONG_SWORD	int	2
BASE_ITEM_VIBRO_SWORD	int	3
BASE_ITEM_SHORT_SWORD	int	4
BASE_ITEM_VIBRO_BLADE	int	5
BASE_ITEM_DOUBLE_BLADED_SWORD	int	6
BASE_ITEM_VIBRO_DOUBLE_BLADE	int	7
BASE_ITEM_LIGHTSABER	int	8
BASE_ITEM_DOUBLE_BLADED_LIGHTSABER	int	9
BASE_ITEM_SHORT_LIGHTSABER	int	10
BASE_ITEM_LIGHTSABER_CRYSTALS	int	11
BASE_ITEM_BLASTER_PISTOL	int	12
BASE_ITEM_HEAVY_BLASTER	int	13
BASE_ITEM_HOLD_OUT_BLASTER	int	14
BASE_ITEM_ION_BLASTER	int	15
BASE_ITEM_DISRUPTER_PISTOL	int	16
BASE_ITEM_SONIC_PISTOL	int	17
BASE_ITEM_ION_RIFLE	int	18
BASE_ITEM_BOWCASTER	int	19
BASE_ITEM_BLASTER_CARBINE	int	20
BASE_ITEM_DISRUPTER_RIFLE	int	21
BASE_ITEM_SONIC_RIFLE	int	22
BASE_ITEM_REPEATING_BLASTER	int	23
BASE_ITEM_HEAVY_REPEATING_BLASTER	int	24
BASE_ITEM_FRAGMENTATION_GRENADES	int	25
BASE_ITEM_STUN_GRENADES	int	26
BASE_ITEM_THERMAL_DETONATOR	int	27
BASE_ITEM_POISON_GRENADE	int	28
BASE_ITEM_FLASH_GRENADE	int	29
BASE_ITEM_SONIC_GRENADE	int	30
BASE_ITEM_ADHESIVE_GRENADE	int	31
BASE_ITEM_CRYOBAN_GRENADE	int	32
BASE_ITEM_FIRE_GRENADE	int	33
BASE_ITEM_ION_GRENADE	int	34
BASE_ITEM_JEDI_ROBE	int	35
BASE_ITEM_JEDI_KNIGHT_ROBE	int	36
BASE_ITEM_JEDI_MASTER_ROBE	int	37
BASE_ITEM_ARMOR_CLASS_4	int	38
BASE_ITEM_ARMOR_CLASS_5	int	39
BASE_ITEM_ARMOR_CLASS_6	int	40
BASE_ITEM_ARMOR_CLASS_7	int	41
BASE_ITEM_ARMOR_CLASS_8	int	42
BASE_ITEM_ARMOR_CLASS_9	int	43
BASE_ITEM_MASK	int	44
BASE_ITEM_GAUNTLETS	int	45
BASE_ITEM_FOREARM_BANDS	int	46
BASE_ITEM_BELT	int	47
BASE_ITEM_IMPLANT_1	int	48
BASE_ITEM_IMPLANT_2	int	49
BASE_ITEM_IMPLANT_3	int	50
BASE_ITEM_DATA_PAD	int	52
BASE_ITEM_ADRENALINE	int	53
BASE_ITEM_COMBAT_SHOTS	int	54
BASE_ITEM_MEDICAL_EQUIPMENT	int	55
BASE_ITEM_DROID_REPAIR_EQUIPMENT	int	56
BASE_ITEM_CREDITS	int	57
BASE_ITEM_TRAP_KIT	int	58
BASE_ITEM_SECURITY_SPIKES	int	59
BASE_ITEM_PROGRAMMING_SPIKES	int	60
BASE_ITEM_GLOW_ROD	int	61
BASE_ITEM_COLLAR_LIGHT	int	62
BASE_ITEM_TORCH	int	63
BASE_ITEM_PLOT_USEABLE_ITEMS	int	64
BASE_ITEM_AESTHETIC_ITEM	int	65
BASE_ITEM_DROID_LIGHT_PLATING	int	66
BASE_ITEM_DROID_MEDIUM_PLATING	int	67
BASE_ITEM_DROID_HEAVY_PLATING	int	68
BASE_ITEM_DROID_SEARCH_SCOPE	int	69
BASE_ITEM_DROID_MOTION_SENSORS	int	70
BASE_ITEM_DROID_SONIC_SENSORS	int	71
BASE_ITEM_DROID_TARGETING_COMPUTERS	int	72
BASE_ITEM_DROID_COMPUTER_SPIKE_MOUNT	int	73
BASE_ITEM_DROID_SECURITY_SPIKE_MOUNT	int	74
BASE_ITEM_DROID_SHIELD	int	75
BASE_ITEM_DROID_UTILITY_DEVICE	int	76
BASE_ITEM_BLASTER_RIFLE	int	77
BASE_ITEM_GHAFFI_STICK	int	78
BASE_ITEM_WOOKIE_WARBLADE	int	79
BASE_ITEM_GAMMOREAN_BATTLEAXE	int	80
BASE_ITEM_CREATURE_ITEM_SLASH	int	81
BASE_ITEM_CREATURE_ITEM_PIERCE	int	82
BASE_ITEM_CREATURE_WEAPON_SL_PRC	int	83
BASE_ITEM_CREATURE_HIDE_ITEM	int	84
BASE_ITEM_BASIC_CLOTHING	int	85
BASE_ITEM_INVALID	int	256
ATTACK_RESULT_INVALID	int	0
ATTACK_RESULT_HIT_SUCCESSFUL	int	1
ATTACK_RESULT_CRITICAL_HIT	int	2
ATTACK_RESULT_AUTOMATIC_HIT	int	3
ATTACK_RESULT_MISS	int	4
ATTACK_RESULT_ATTACK_RESISTED	int	5
ATTACK_RESULT_ATTACK_FAILED	int	6
ATTACK_RESULT_PARRIED	int	8
ATTACK_RESULT_DEFLECTED	int	9
VFX_NONE	int	-1
VFX_IMP_HEALING_SMALL	int	1001
VFX_IMP_FORCE_JUMP_ADVANCED	int	1002
VFX_PRO_AFFLICT	int	1003
VFX_IMP_CHOKE	int	1004
VFX_IMP_CURE	int	1005
VFX_PRO_DEATH_FIELD	int	1006
VFX_PRO_DROID_DISABLE	int	1007
VFX_PRO_DROID_KILL	int	1008
VFX_PRO_DRAIN	int	1009
VFX_PRO_FORCE_ARMOR	int	1010
VFX_PRO_FORCE_AURA	int	1011
VFX_IMP_FORCE_BREACH	int	1012
VFX_IMP_FORCE_PUSH	int	1014
VFX_PRO_FORCE_SHIELD	int	1015
VFX_IMP_FORCE_WAVE	int	1017
VFX_IMP_FORCE_WHIRLWIND	int	1018
VFX_IMP_HEAL	int	1019
VFX_IMP_SPEED_KNIGHT	int	1020
VFX_PRO_LIGHTNING_L	int	1021
VFX_IMP_SPEED_MASTERY	int	1022
VFX_PRO_RESIST_ELEMENTS	int	1025
VFX_PRO_RESIST_FORCE	int	1026
VFX_PRO_RESIST_POISON	int	1027
VFX_PRO_LIGHTNING_S	int	1028
VFX_IMP_MIND_FORCE	int	1031
VFX_IMP_SUPPRESS_FORCE	int	1032
VFX_IMP_MIND_KINIGHT	int	1033
VFX_IMP_MIND_MASTERY	int	1034
VFX_PRO_LIGHTNING_JEDI	int	1035
VFX_PRO_LIGHTNING_L_SOUND	int	1036
VFX_IMP_GRENADE_ADHESIVE_PERSONAL	int	1038
VFX_IMP_FLAME	int	1039
VFX_IMP_STUN	int	1040
VFX_DUR_STEALTH_PULSE	int	2000
VFX_DUR_INVISIBILITY	int	2001
VFX_DUR_SPEED	int	2004
VFX_DUR_FORCE_WHIRLWIND	int	2007
VFX_DUR_HOLD	int	2008
VFX_DUR_BODY_FUAL	int	2024
VFX_DUR_PSYCHIC_STATIC	int	2025
VFX_BEAM_DEATH_FIELD_TENTACLE	int	2026
VFX_BEAM_DROID_DISABLE	int	2027
VFX_BEAM_DROID_DESTROY	int	2028
VFX_BEAM_DRAIN_LIFE	int	2029
VFX_DUR_KNIGHTS_SPEED	int	2031
VFX_DUR_SHIELD_RED_MARK_I	int	2032
VFX_DUR_SHIELD_RED_MARK_II	int	2034
VFX_DUR_SHIELD_RED_MARK_IV	int	2035
VFX_BEAM_LIGHTNING_DARK_S	int	2037
VFX_BEAM_LIGHTNING_DARK_L	int	2038
VFX_DUR_SHIELD_BLUE_01	int	2040
VFX_DUR_SHIELD_BLUE_02	int	2041
VFX_DUR_SHIELD_BLUE_03	int	2042
VFX_DUR_SHIELD_BLUE_04	int	2043
VFX_DUR_SHIELD_GREEN_01	int	2044
VFX_DUR_SHIELD_RED_01	int	2045
VFX_DUR_SHIELD_RED_02	int	2046
VFX_DUR_SHIELD_CHROME_01	int	2047
VFX_DUR_SHIELD_CHROME_02	int	2048
VFX_BEAM_ION_RAY_01	int	2049
VFX_BEAM_ION_RAY_02	int	2050
VFX_BEAM_COLD_RAY	int	2051
VFX_BEAM_STUN_RAY	int	2052
VFX_BEAM_FLAME_SPRAY	int	2053
VFX_DUR_CARBONITE_ENCASING	int	2054
VFX_DUR_CARBONITE_CHUNKS	int	2055
VFX_DUR_SHIELD_BLUE_MARK_I	int	2056
VFX_DUR_SHIELD_BLUE_MARK_II	int	2058
VFX_DUR_SHIELD_BLUE_MARK_IV	int	2059
VFX_FNF_FORCE_WAVE	int	3001
VFX_FNF_PLOT_MAN_SONIC_WAVE	int	3002
VFX_FNF_GRENADE_FRAGMENTATION	int	3003
VFX_FNF_GRENADE_STUN	int	3004
VFX_FNF_GRENADE_THERMAL_DETONATOR	int	3005
VFX_FNF_GRENADE_POISON	int	3006
VFX_FNF_GRENADE_SONIC	int	3007
VFX_FNF_GRENADE_ADHESIVE	int	3008
VFX_FNF_GRENADE_CRYOBAN	int	3009
VFX_FNF_GRENADE_PLASMA	int	3010
VFX_FNF_GRENADE_ION	int	3011
VFX_FNF_GRAVITY_GENERATOR	int	3013
VFX_COM_SPARKS_LARGE	int	4003
VFX_COM_SPARKS_LIGHTSABER	int	4004
VFX_COM_SPARKS_PARRY_METAL	int	4011
VFX_COM_POWER_ATTACK_IMPROVED_STAFF	int	4012
VFX_COM_POWER_BLAST_IMPROVED	int	4013
VFX_COM_CRITICAL_STRIKE_IMPROVED_STAFF	int	4014
VFX_COM_SNIPER_SHOT_IMPROVED	int	4015
VFX_COM_MULTI_SHOT	int	4016
VFX_COM_WHIRLWIND_STRIKE_STAFF	int	4017
VFX_COM_CRITICAL_STRIKE_MASTERY_STAFF	int	4018
VFX_COM_POWER_ATTACK_MASTERY_STAFF	int	4019
VFX_COM_SNIPER_SHOT_MASTERY	int	4020
VFX_COM_FLURRY_IMPROVED_STAFF	int	4021
VFX_COM_RAPID_SHOT_IMPROVED	int	4022
VFX_COM_BLASTER_DEFLECTION	int	4023
VFX_COM_BLASTER_IMPACT	int	4024
VFX_COM_CRITICAL_STRIKE_IMPROVED_SABER	int	4025
VFX_COM_CRITICAL_STRIKE_MASTERY_SABER	int	4026
VFX_COM_POWER_ATTACK_IMPROVED_SABER	int	4027
VFX_COM_POWER_ATTACK_MASTERY_SABER	int	4028
VFX_COM_POWER_BLAST_MASTERY	int	4029
VFX_COM_FLURRY_IMPROVED_SABER	int	4030
VFX_COM_WHIRLWIND_STRIKE_SABER	int	4031
VFX_COM_BLASTER_IMPACT_GROUND	int	4032
VFX_COM_SPARKS_BLASTER	int	4033
VFX_COM_DROID_EXPLOSION_1	int	4034
VFX_COM_DROID_EXPLOSION_2	int	4035
VFX_COM_JEDI_FORCE_FIZZLE	int	4036
VFX_COM_FORCE_RESISTED	int	4037
VFX_ARD_LIGHT_YELLOW_10	int	5000
VFX_ARD_LIGHT_YELLOW_20	int	5001
VFX_ARD_LIGHT_BLIND	int	5002
VFX_ARD_HEAT_SHIMMER	int	5003
VFX_IMP_MIRV	int	6000
VFX_IMP_MIRV_IMPACT	int	6001
VFX_IMP_SCREEN_SHAKE	int	6002
AOE_PER_FOGACID	int	0
AOE_PER_FOGFIRE	int	1
AOE_PER_FOGSTINK	int	2
AOE_PER_FOGKILL	int	3
AOE_PER_FOGMIND	int	4
AOE_PER_WALLFIRE	int	5
AOE_PER_WALLWIND	int	6
AOE_PER_WALLBLADE	int	7
AOE_PER_WEB	int	8
AOE_PER_ENTANGLE	int	9
AOE_PER_DARKNESS	int	11
AOE_MOB_CIRCEVIL	int	12
AOE_MOB_CIRCGOOD	int	13
AOE_MOB_CIRCLAW	int	14
AOE_MOB_CIRCCHAOS	int	15
AOE_MOB_FEAR	int	16
AOE_MOB_BLINDING	int	17
AOE_MOB_UNEARTHLY	int	18
AOE_MOB_MENACE	int	19
AOE_MOB_UNNATURAL	int	20
AOE_MOB_STUN	int	21
AOE_MOB_PROTECTION	int	22
AOE_MOB_FIRE	int	23
AOE_MOB_FROST	int	24
AOE_MOB_ELECTRICAL	int	25
AOE_PER_FOGGHOUL	int	26
AOE_MOB_TYRANT_FOG	int	27
AOE_PER_STORM	int	28
AOE_PER_INVIS_SPHERE	int	29
AOE_MOB_SILENCE	int	30
AOE_PER_DELAY_BLAST_FIREBALL	int	31
AOE_PER_GREASE	int	32
AOE_PER_CREEPING_DOOM	int	33
AOE_PER_EVARDS_BLACK_TENTACLES	int	34
AOE_MOB_INVISIBILITY_PURGE	int	35
AOE_MOB_DRAGON_FEAR	int	36
FORCE_POWER_ALL_FORCE_POWERS	int	-1
FORCE_POWER_MASTER_ALTER	int	0
FORCE_POWER_MASTER_CONTROL	int	1
FORCE_POWER_MASTER_SENSE	int	2
FORCE_POWER_FORCE_JUMP_ADVANCED	int	3
FORCE_POWER_LIGHT_SABER_THROW_ADVANCED	int	4
FORCE_POWER_REGNERATION_ADVANCED	int	5
FORCE_POWER_AFFECT_MIND	int	6
FORCE_POWER_AFFLICTION	int	7
FORCE_POWER_SPEED_BURST	int	8
FORCE_POWER_CHOKE	int	9
FORCE_POWER_CURE	int	10
FORCE_POWER_DEATH_FIELD	int	11
FORCE_POWER_DROID_DISABLE	int	12
FORCE_POWER_DROID_DESTROY	int	13
FORCE_POWER_DOMINATE	int	14
FORCE_POWER_DRAIN_LIFE	int	15
FORCE_POWER_FEAR	int	16
FORCE_POWER_FORCE_ARMOR	int	17
FORCE_POWER_FORCE_AURA	int	18
FORCE_POWER_FORCE_BREACH	int	19
FORCE_POWER_FORCE_IMMUNITY	int	20
FORCE_POWER_FORCE_JUMP	int	21
FORCE_POWER_FORCE_MIND	int	22
FORCE_POWER_FORCE_PUSH	int	23
FORCE_POWER_FORCE_SHIELD	int	24
FORCE_POWER_FORCE_STORM	int	25
FORCE_POWER_FORCE_WAVE	int	26
FORCE_POWER_FORCE_WHIRLWIND	int	27
FORCE_POWER_HEAL	int	28
FORCE_POWER_HOLD	int	29
FORCE_POWER_HORROR	int	30
FORCE_POWER_INSANITY	int	31
FORCE_POWER_KILL	int	32
FORCE_POWER_KNIGHT_MIND	int	33
FORCE_POWER_KNIGHT_SPEED	int	34
FORCE_POWER_LIGHTNING	int	35
FORCE_POWER_MIND_MASTERY	int	36
FORCE_POWER_SPEED_MASTERY	int	37
FORCE_POWER_PLAGUE	int	38
FORCE_POWER_REGENERATION	int	39
FORCE_POWER_RESIST_COLD_HEAT_ENERGY	int	40
FORCE_POWER_RESIST_FORCE	int	41
FORCE_POWER_RESIST_POISON_DISEASE_SONIC	int	42
FORCE_POWER_SHOCK	int	43
FORCE_POWER_SLEEP	int	44
FORCE_POWER_SLOW	int	45
FORCE_POWER_STUN	int	46
FORCE_POWER_DROID_STUN	int	47
FORCE_POWER_SUPRESS_FORCE	int	48
FORCE_POWER_LIGHT_SABER_THROW	int	49
FORCE_POWER_WOUND	int	50
SPECIAL_ABILITY_BATTLE_MEDITATION	int	51
SPECIAL_ABILITY_BODY_FUEL	int	52
SPECIAL_ABILITY_COMBAT_REGENERATION	int	53
SPECIAL_ABILITY_WARRIOR_STANCE	int	54
SPECIAL_ABILITY_SENTINEL_STANCE	int	55
SPECIAL_ABILITY_DOMINATE_MIND	int	56
SPECIAL_ABILITY_PSYCHIC_STANCE	int	57
SPECIAL_ABILITY_CATHAR_REFLEXES	int	58
SPECIAL_ABILITY_ENHANCED_SENSES	int	59
SPECIAL_ABILITY_CAMOFLAGE	int	60
SPECIAL_ABILITY_TAUNT	int	61
SPECIAL_ABILITY_WHIRLING_DERVISH	int	62
SPECIAL_ABILITY_RAGE	int	63
POISON_ABILITY_SCORE_MILD	int	0
POISON_ABILITY_SCORE_AVERAGE	int	1
POISON_ABILITY_SCORE_VIRULENT	int	2
POISON_DAMAGE_MILD	int	3
POISON_DAMAGE_AVERAGE	int	4
POISON_DAMAGE_VIRULENT	int	5
CREATURE_TYPE_RACIAL_TYPE	int	0
CREATURE_TYPE_PLAYER_CHAR	int	1
CREATURE_TYPE_CLASS	int	2
CREATURE_TYPE_REPUTATION	int	3
CREATURE_TYPE_IS_ALIVE	int	4
CREATURE_TYPE_HAS_SPELL_EFFECT	int	5
CREATURE_TYPE_DOES_NOT_HAVE_SPELL_EFFECT	int	6
CREATURE_TYPE_PERCEPTION	int	7
REPUTATION_TYPE_FRIEND	int	0
REPUTATION_TYPE_ENEMY	int	1
REPUTATION_TYPE_NEUTRAL	int	2
PERCEPTION_SEEN_AND_HEARD	int	0
PERCEPTION_NOT_SEEN_AND_NOT_HEARD	int	1
PERCEPTION_HEARD_AND_NOT_SEEN	int	2
PERCEPTION_SEEN_AND_NOT_HEARD	int	3
PERCEPTION_NOT_HEARD	int	4
PERCEPTION_HEARD	int	5
PERCEPTION_NOT_SEEN	int	6
PERCEPTION_SEEN	int	7
PLAYER_CHAR_NOT_PC	int	0
PLAYER_CHAR_IS_PC	int	1
CLASS_TYPE_SOLDIER	int	0
CLASS_TYPE_SCOUT	int	1
CLASS_TYPE_SCOUNDREL	int	2
CLASS_TYPE_JEDIGUARDIAN	int	3
CLASS_TYPE_JEDICONSULAR	int	4
CLASS_TYPE_JEDISENTINEL	int	5
CLASS_TYPE_COMBATDROID	int	6
CLASS_TYPE_EXPERTDROID	int	7
CLASS_TYPE_MINION	int	8
CLASS_TYPE_INVALID	int	255
PERSISTENT_ZONE_ACTIVE	int	0
PERSISTENT_ZONE_FOLLOW	int	1
INVALID_STANDARD_FACTION	int	-1
STANDARD_FACTION_HOSTILE_1	int	1
STANDARD_FACTION_FRIENDLY_1	int	2
STANDARD_FACTION_HOSTILE_2	int	3
STANDARD_FACTION_FRIENDLY_2	int	4
STANDARD_FACTION_NEUTRAL	int	5
STANDARD_FACTION_INSANE	int	6
STANDARD_FACTION_PTAT_TUSKAN	int	7
STANDARD_FACTION_GLB_XOR	int	8
STANDARD_FACTION_SURRENDER_1	int	9
STANDARD_FACTION_SURRENDER_2	int	10
STANDARD_FACTION_PREDATOR	int	11
STANDARD_FACTION_PREY	int	12
STANDARD_FACTION_TRAP	int	13
STANDARD_FACTION_ENDAR_SPIRE	int	14
STANDARD_FACTION_RANCOR	int	15
STANDARD_FACTION_GIZKA_1	int	16
STANDARD_FACTION_GIZKA_2	int	17
SKILL_COMPUTER_USE	int	0
SKILL_DEMOLITIONS	int	1
SKILL_STEALTH	int	2
SKILL_AWARENESS	int	3
SKILL_PERSUADE	int	4
SKILL_REPAIR	int	5
SKILL_SECURITY	int	6
SKILL_TREAT_INJURY	int	7
SKILL_MAX_SKILLS	int	8
SUBSKILL_FLAGTRAP	int	100
SUBSKILL_RECOVERTRAP	int	101
SUBSKILL_EXAMINETRAP	int	102
FEAT_ADVANCED_JEDI_DEFENSE	int	1
FEAT_ADVANCED_GUARD_STANCE	int	2
FEAT_AMBIDEXTERITY	int	3
FEAT_ARMOUR_PROF_HEAVY	int	4
FEAT_ARMOUR_PROF_LIGHT	int	5
FEAT_ARMOUR_PROF_MEDIUM	int	6
FEAT_CAUTIOUS	int	7
FEAT_CRITICAL_STRIKE	int	8
FEAT_DOUBLE_WEAPON_FIGHTING	int	9
FEAT_EMPATHY	int	10
FEAT_FLURRY	int	11
FEAT_GEAR_HEAD	int	12
FEAT_GREAT_FORTITUDE	int	13
FEAT_IMPLANT_LEVEL_1	int	14
FEAT_IMPLANT_LEVEL_2	int	15
FEAT_IMPLANT_LEVEL_3	int	16
FEAT_IMPROVED_POWER_ATTACK	int	17
FEAT_IMPROVED_POWER_BLAST	int	18
FEAT_IMPROVED_CRITICAL_STRIKE	int	19
FEAT_IMPROVED_SNIPER_SHOT	int	20
FEAT_IRON_WILL	int	21
FEAT_LIGHTNING_REFLEXES	int	22
FEAT_MASTER_JEDI_DEFENSE	int	24
FEAT_MASTER_GUARD_STANCE	int	25
FEAT_MULTI_SHOT	int	26
FEAT_PERCEPTIVE	int	27
FEAT_POWER_ATTACK	int	28
FEAT_POWER_BLAST	int	29
FEAT_RAPID_SHOT	int	30
FEAT_SNIPER_SHOT	int	31
FEAT_WEAPON_FOCUS_BLASTER	int	32
FEAT_WEAPON_FOCUS_BLASTER_RIFLE	int	33
FEAT_WEAPON_FOCUS_GRENADE	int	34
FEAT_WEAPON_FOCUS_HEAVY_WEAPONS	int	35
FEAT_WEAPON_FOCUS_LIGHTSABER	int	36
FEAT_WEAPON_FOCUS_MELEE_WEAPONS	int	37
FEAT_WEAPON_FOCUS_SIMPLE_WEAPONS	int	38
FEAT_WEAPON_PROFICIENCY_BLASTER	int	39
FEAT_WEAPON_PROFICIENCY_BLASTER_RIFLE	int	40
FEAT_WEAPON_PROFICIENCY_GRENADE	int	41
FEAT_WEAPON_PROFICIENCY_HEAVY_WEAPONS	int	42
FEAT_WEAPON_PROFICIENCY_LIGHTSABER	int	43
FEAT_WEAPON_PROFICIENCY_MELEE_WEAPONS	int	44
FEAT_WEAPON_PROFICIENCY_SIMPLE_WEAPONS	int	45
FEAT_WEAPON_SPECIALIZATION_BLASTER	int	46
FEAT_WEAPON_SPECIALIZATION_BLASTER_RIFLE	int	47
FEAT_WEAPON_SPECIALIZATION_GRENADE	int	48
FEAT_WEAPON_SPECIALIZATION_HEAVY_WEAPONS	int	49
FEAT_WEAPON_SPECIALIZATION_LIGHTSABER	int	50
FEAT_WEAPON_SPECIALIZATION_MELEE_WEAPONS	int	51
FEAT_WEAPON_SPECIALIZATION_SIMPLE_WEAPONS	int	52
FEAT_WHIRLWIND_ATTACK	int	53
FEAT_GUARD_STANCE	int	54
FEAT_JEDI_DEFENSE	int	55
FEAT_UNCANNY_DODGE_1	int	56
FEAT_UNCANNY_DODGE_2	int	57
FEAT_SKILL_FOCUS_COMPUTER_USE	int	58
FEAT_SNEAK_ATTACK_1D6	int	60
FEAT_SNEAK_ATTACK_2D6	int	61
FEAT_SNEAK_ATTACK_3D6	int	62
FEAT_SNEAK_ATTACK_4D6	int	63
FEAT_SNEAK_ATTACK_5D6	int	64
FEAT_SNEAK_ATTACK_6D6	int	65
FEAT_SNEAK_ATTACK_7D6	int	66
FEAT_SNEAK_ATTACK_8D6	int	67
FEAT_SNEAK_ATTACK_9D6	int	68
FEAT_SNEAK_ATTACK_10D6	int	69
FEAT_SKILL_FOCUS_DEMOLITIONS	int	70
FEAT_SKILL_FOCUS_STEALTH	int	71
FEAT_SKILL_FOCUS_AWARENESS	int	72
FEAT_SKILL_FOCUS_PERSUADE	int	73
FEAT_SKILL_FOCUS_REPAIR	int	74
FEAT_SKILL_FOCUS_SECURITY	int	75
FEAT_SKILL_FOCUS_TREAT_INJUURY	int	76
FEAT_MASTER_SNIPER_SHOT	int	77
FEAT_DROID_UPGRADE_1	int	78
FEAT_DROID_UPGRADE_2	int	79
FEAT_DROID_UPGRADE_3	int	80
FEAT_MASTER_CRITICAL_STRIKE	int	81
FEAT_MASTER_POWER_BLAST	int	82
FEAT_MASTER_POWER_ATTACK	int	83
FEAT_TOUGHNESS	int	84
FEAT_ADVANCED_DOUBLE_WEAPON_FIGHTING	int	85
FEAT_FORCE_FOCUS_ALTER	int	86
FEAT_FORCE_FOCUS_CONTROL	int	87
FEAT_FORCE_FOCUS_SENSE	int	88
FEAT_FORCE_FOCUS_ADVANCED	int	89
FEAT_FORCE_FOCUS_MASTERY	int	90
FEAT_IMPROVED_FLURRY	int	91
FEAT_IMPROVED_RAPID_SHOT	int	92
FEAT_PROFICIENCY_ALL	int	93
FEAT_BATTLE_MEDITATION	int	94
SPECIAL_ATTACK_INVALID	int	0
SPECIAL_ATTACK_CALLED_SHOT_LEG	int	1
SPECIAL_ATTACK_CALLED_SHOT_ARM	int	2
SPECIAL_ATTACK_SAP	int	3
SPECIAL_ATTACK_DISARM	int	4
SPECIAL_ATTACK_IMPROVED_DISARM	int	5
SPECIAL_ATTACK_KNOCKDOWN	int	6
SPECIAL_ATTACK_IMPROVED_KNOCKDOWN	int	7
SPECIAL_ATTACK_STUNNING_FIST	int	8
SPECIAL_ATTACK_FLURRY_OF_BLOWS	int	9
SPECIAL_ATTACK_RAPID_SHOT	int	10
COMBAT_MODE_INVALID	int	0
COMBAT_MODE_PARRY	int	1
COMBAT_MODE_POWER_ATTACK	int	2
COMBAT_MODE_IMPROVED_POWER_ATTACK	int	3
COMBAT_MODE_FLURRY_OF_BLOWS	int	4
COMBAT_MODE_RAPID_SHOT	int	5
ENCOUNTER_DIFFICULTY_VERY_EASY	int	0
ENCOUNTER_DIFFICULTY_EASY	int	1
ENCOUNTER_DIFFICULTY_NORMAL	int	2
ENCOUNTER_DIFFICULTY_HARD	int	3
ENCOUNTER_DIFFICULTY_IMPOSSIBLE	int	4
ANIMATION_LOOPING_PAUSE	int	0
ANIMATION_LOOPING_PAUSE2	int	1
ANIMATION_LOOPING_LISTEN	int	2
ANIMATION_LOOPING_MEDITATE	int	3
ANIMATION_LOOPING_WORSHIP	int	4
ANIMATION_LOOPING_TALK_NORMAL	int	5
ANIMATION_LOOPING_TALK_PLEADING	int	6
ANIMATION_LOOPING_TALK_FORCEFUL	int	7
ANIMATION_LOOPING_TALK_LAUGHING	int	8
ANIMATION_LOOPING_TALK_SAD	int	9
ANIMATION_LOOPING_GET_LOW	int	10
ANIMATION_LOOPING_GET_MID	int	11
ANIMATION_LOOPING_PAUSE_TIRED	int	12
ANIMATION_LOOPING_PAUSE_DRUNK	int	13
ANIMATION_LOOPING_FLIRT	int	14
ANIMATION_LOOPING_USE_COMPUTER	int	15
ANIMATION_LOOPING_DANCE	int	16
ANIMATION_LOOPING_DANCE1	int	17
ANIMATION_LOOPING_HORROR	int	18
ANIMATION_LOOPING_READY	int	19
ANIMATION_LOOPING_DEACTIVATE	int	20
ANIMATION_LOOPING_SPASM	int	21
ANIMATION_LOOPING_SLEEP	int	22
ANIMATION_LOOPING_PRONE	int	23
ANIMATION_LOOPING_PAUSE3	int	24
ANIMATION_LOOPING_WELD	int	25
ANIMATION_LOOPING_DEAD	int	26
ANIMATION_LOOPING_TALK_INJURED	int	27
ANIMATION_LOOPING_LISTEN_INJURED	int	28
ANIMATION_LOOPING_TREAT_INJURED	int	29
ANIMATION_LOOPING_DEAD_PRONE	int	30
ANIMATION_LOOPING_KNEEL_TALK_ANGRY	int	31
ANIMATION_LOOPING_KNEEL_TALK_SAD	int	32
ANIMATION_LOOPING_CHOKE	int	116
ANIMATION_FIREFORGET_HEAD_TURN_LEFT	int	100
ANIMATION_FIREFORGET_HEAD_TURN_RIGHT	int	101
ANIMATION_FIREFORGET_PAUSE_SCRATCH_HEAD	int	102
ANIMATION_FIREFORGET_PAUSE_BORED	int	103
ANIMATION_FIREFORGET_SALUTE	int	104
ANIMATION_FIREFORGET_BOW	int	105
ANIMATION_FIREFORGET_GREETING	int	106
ANIMATION_FIREFORGET_TAUNT	int	107
ANIMATION_FIREFORGET_VICTORY1	int	108
ANIMATION_FIREFORGET_VICTORY2	int	109
ANIMATION_FIREFORGET_VICTORY3	int	110
ANIMATION_FIREFORGET_INJECT	int	112
ANIMATION_FIREFORGET_USE_COMPUTER	int	113
ANIMATION_FIREFORGET_PERSUADE	int	114
ANIMATION_FIREFORGET_ACTIVATE	int	115
ANIMATION_FIREFORGET_CHOKE	int	116
ANIMATION_FIREFORGET_THROW_HIGH	int	117
ANIMATION_FIREFORGET_THROW_LOW	int	118
ANIMATION_FIREFORGET_CUSTOM01	int	119
ANIMATION_FIREFORGET_TREAT_INJURED	int	120
ANIMATION_PLACEABLE_ACTIVATE	int	200
ANIMATION_PLACEABLE_DEACTIVATE	int	201
ANIMATION_PLACEABLE_OPEN	int	202
ANIMATION_PLACEABLE_CLOSE	int	203
ANIMATION_PLACEABLE_ANIMLOOP01	int	204
ANIMATION_PLACEABLE_ANIMLOOP02	int	205
ANIMATION_PLACEABLE_ANIMLOOP03	int	206
ANIMATION_PLACEABLE_ANIMLOOP04	int	207
ANIMATION_PLACEABLE_ANIMLOOP05	int	208
ANIMATION_PLACEABLE_ANIMLOOP06	int	209
ANIMATION_PLACEABLE_ANIMLOOP07	int	210
ANIMATION_PLACEABLE_ANIMLOOP08	int	211
ANIMATION_PLACEABLE_ANIMLOOP09	int	212
ANIMATION_PLACEABLE_ANIMLOOP10	int	213
ANIMATION_ROOM_SCRIPTLOOP01	int	1
ANIMATION_ROOM_SCRIPTLOOP02	int	2
ANIMATION_ROOM_SCRIPTLOOP03	int	3
ANIMATION_ROOM_SCRIPTLOOP04	int	4
ANIMATION_ROOM_SCRIPTLOOP05	int	5
ANIMATION_ROOM_SCRIPTLOOP06	int	6
ANIMATION_ROOM_SCRIPTLOOP07	int	7
ANIMATION_ROOM_SCRIPTLOOP08	int	8
ANIMATION_ROOM_SCRIPTLOOP09	int	9
ANIMATION_ROOM_SCRIPTLOOP10	int	10
ANIMATION_ROOM_SCRIPTLOOP11	int	11
ANIMATION_ROOM_SCRIPTLOOP12	int	12
ANIMATION_ROOM_SCRIPTLOOP13	int	13
ANIMATION_ROOM_SCRIPTLOOP14	int	14
ANIMATION_ROOM_SCRIPTLOOP15	int	15
ANIMATION_ROOM_SCRIPTLOOP16	int	16
ANIMATION_ROOM_SCRIPTLOOP17	int	17
ANIMATION_ROOM_SCRIPTLOOP18	int	18
ANIMATION_ROOM_SCRIPTLOOP19	int	19
ANIMATION_ROOM_SCRIPTLOOP20	int	20
TALENT_TYPE_FORCE	int	0
TALENT_TYPE_SPELL	int	0
TALENT_TYPE_FEAT	int	1
TALENT_TYPE_SKILL	int	2
TALENT_EXCLUDE_ALL_OF_TYPE	int	-1
INVENTORY_DISTURB_TYPE_ADDED	int	0
INVENTORY_DISTURB_TYPE_REMOVED	int	1
INVENTORY_DISTURB_TYPE_STOLEN	int	2
GUI_PANEL_PLAYER_DEATH	int	0
POLYMORPH_TYPE_WEREWOLF	int	0
POLYMORPH_TYPE_WERERAT	int	1
POLYMORPH_TYPE_WERECAT	int	2
POLYMORPH_TYPE_GIANT_SPIDER	int	3
POLYMORPH_TYPE_TROLL	int	4
POLYMORPH_TYPE_UMBER_HULK	int	5
POLYMORPH_TYPE_PIXIE	int	6
POLYMORPH_TYPE_ZOMBIE	int	7
POLYMORPH_TYPE_RED_DRAGON	int	8
POLYMORPH_TYPE_FIRE_GIANT	int	9
POLYMORPH_TYPE_BALOR	int	10
POLYMORPH_TYPE_DEATH_SLAAD	int	11
POLYMORPH_TYPE_IRON_GOLEM	int	12
POLYMORPH_TYPE_HUGE_FIRE_ELEMENTAL	int	13
POLYMORPH_TYPE_HUGE_WATER_ELEMENTAL	int	14
POLYMORPH_TYPE_HUGE_EARTH_ELEMENTAL	int	15
POLYMORPH_TYPE_HUGE_AIR_ELEMENTAL	int	16
POLYMORPH_TYPE_ELDER_FIRE_ELEMENTAL	int	17
POLYMORPH_TYPE_ELDER_WATER_ELEMENTAL	int	18
POLYMORPH_TYPE_ELDER_EARTH_ELEMENTAL	int	19
POLYMORPH_TYPE_ELDER_AIR_ELEMENTAL	int	20
POLYMORPH_TYPE_BROWN_BEAR	int	21
POLYMORPH_TYPE_PANTHER	int	22
POLYMORPH_TYPE_WOLF	int	23
POLYMORPH_TYPE_BOAR	int	24
POLYMORPH_TYPE_BADGER	int	25
POLYMORPH_TYPE_PENGUIN	int	26
POLYMORPH_TYPE_COW	int	27
POLYMORPH_TYPE_DOOM_KNIGHT	int	28
POLYMORPH_TYPE_YUANTI	int	29
POLYMORPH_TYPE_IMP	int	30
POLYMORPH_TYPE_QUASIT	int	31
POLYMORPH_TYPE_SUCCUBUS	int	32
POLYMORPH_TYPE_DIRE_BROWN_BEAR	int	33
POLYMORPH_TYPE_DIRE_PANTHER	int	34
POLYMORPH_TYPE_DIRE_WOLF	int	35
POLYMORPH_TYPE_DIRE_BOAR	int	36
POLYMORPH_TYPE_DIRE_BADGER	int	37
INVISIBILITY_TYPE_NORMAL	int	1
INVISIBILITY_TYPE_DARKNESS	int	2
INVISIBILITY_TYPE_IMPROVED	int	4
CREATURE_SIZE_INVALID	int	0
CREATURE_SIZE_TINY	int	1
CREATURE_SIZE_SMALL	int	2
CREATURE_SIZE_MEDIUM	int	3
CREATURE_SIZE_LARGE	int	4
CREATURE_SIZE_HUGE	int	5
CAMERA_MODE_CHASE_CAMERA	int	0
CAMERA_MODE_TOP_DOWN	int	1
CAMERA_MODE_STIFF_CHASE_CAMERA	int	2
PROJECTILE_PATH_TYPE_DEFAULT	int	0
PROJECTILE_PATH_TYPE_HOMING	int	1
PROJECTILE_PATH_TYPE_BALLISTIC	int	2
PROJECTILE_PATH_TYPE_HIGH_BALLISTIC	int	3
PROJECTILE_PATH_TYPE_ACCELERATING	int	4
GAME_DIFFICULTY_VERY_EASY	int	0
GAME_DIFFICULTY_EASY	int	1
GAME_DIFFICULTY_NORMAL	int	2
GAME_DIFFICULTY_CORE_RULES	int	3
GAME_DIFFICULTY_DIFFICULT	int	4
ACTION_MOVETOPOINT	int	0
ACTION_PICKUPITEM	int	1
ACTION_DROPITEM	int	2
ACTION_ATTACKOBJECT	int	3
ACTION_CASTSPELL	int	4
ACTION_OPENDOOR	int	5
ACTION_CLOSEDOOR	int	6
ACTION_DIALOGOBJECT	int	7
ACTION_DISABLETRAP	int	8
ACTION_RECOVERTRAP	int	9
ACTION_FLAGTRAP	int	10
ACTION_EXAMINETRAP	int	11
ACTION_SETTRAP	int	12
ACTION_OPENLOCK	int	13
ACTION_LOCK	int	14
ACTION_USEOBJECT	int	15
ACTION_ANIMALEMPATHY	int	16
ACTION_REST	int	17
ACTION_TAUNT	int	18
ACTION_ITEMCASTSPELL	int	19
ACTION_COUNTERSPELL	int	31
ACTION_HEAL	int	33
ACTION_PICKPOCKET	int	34
ACTION_FOLLOW	int	35
ACTION_WAIT	int	36
ACTION_SIT	int	37
ACTION_FOLLOWLEADER	int	38
ACTION_INVALID	int	65535
ACTION_QUEUEEMPTY	int	65534
TRAP_BASE_TYPE_FLASH_STUN_MINOR	int	0
TRAP_BASE_TYPE_FLASH_STUN_AVERAGE	int	1
TRAP_BASE_TYPE_FLASH_STUN_DEADLY	int	2
TRAP_BASE_TYPE_FRAGMENTATION_MINE_MINOR	int	3
TRAP_BASE_TYPE_FRAGMENTATION_MINE_AVERAGE	int	4
TRAP_BASE_TYPE_FRAGMENTATION_MINE_DEADLY	int	5
TRAP_BASE_TYPE_LASER_SLICING_MINOR	int	6
TRAP_BASE_TYPE_LASER_SLICING_AVERAGE	int	7
TRAP_BASE_TYPE_LASER_SLICING_DEADLY	int	8
TRAP_BASE_TYPE_POISON_GAS_MINOR	int	9
TRAP_BASE_TYPE_POISON_GAS_AVERAGE	int	10
TRAP_BASE_TYPE_POISON_GAS_DEADLY	int	11
SWMINIGAME_TRACKFOLLOWER_SOUND_ENGINE	int	0
SWMINIGAME_TRACKFOLLOWER_SOUND_DEATH	int	1
CONVERSATION_TYPE_CINEMATIC	int	0
CONVERSATION_TYPE_COMPUTER	int	1
PLANET_ENDAR_SPIRE	int	0
PLANET_TARIS	int	1
PLANET_EBON_HAWK	int	2
PLANET_DANTOOINE	int	3
PLANET_TATOOINE	int	4
PLANET_KASHYYYK	int	5
PLANET_MANAAN	int	6
PLANET_KORRIBAN	int	7
PLANET_LEVIATHAN	int	8
PLANET_UNKNOWN_WORLD	int	9
PLANET_STAR_FORGE	int	10
PLANET_LIVE_01	int	11
PLANET_LIVE_02	int	12
PLANET_LIVE_03	int	13
PLANET_LIVE_04	int	14
PLANET_LIVE_05	int	15
NPC_PLAYER	int	-1
NPC_BASTILA	int	0
NPC_CANDEROUS	int	1
NPC_CARTH	int	2
NPC_HK_47	int	3
NPC_JOLEE	int	4
NPC_JUHANI	int	5
NPC_MISSION	int	6
NPC_T3_M4	int	7
NPC_ZAALBAR	int	8
PARTY_AISTYLE_AGGRESSIVE	int	0
PARTY_AISTYLE_DEFENSIVE	int	1
PARTY_AISTYLE_PASSIVE	int	2
NPC_AISTYLE_DEFAULT_ATTACK	int	0
NPC_AISTYLE_RANGED_ATTACK	int	1
NPC_AISTYLE_MELEE_ATTACK	int	2
NPC_AISTYLE_AID	int	3
NPC_AISTYLE_GRENADE_THROWER	int	4
NPC_AISTYLE_JEDI_SUPPORT	int	5
DISGUISE_TYPE_TEST	int	1
DISGUISE_TYPE_P_T3M3	int	2
DISGUISE_TYPE_P_HK47	int	3
DISGUISE_TYPE_P_BASTILLA	int	4
DISGUISE_TYPE_P_CAND	int	5
DISGUISE_TYPE_P_CARTH	int	6
DISGUISE_TYPE_P_JOLEE	int	7
DISGUISE_TYPE_P_JUHANI	int	8
DISGUISE_TYPE_P_ZAALBAR	int	9
DISGUISE_TYPE_P_MISSION	int	10
DISGUISE_TYPE_N_ADMRLSAULKAR	int	11
DISGUISE_TYPE_N_BITH	int	12
DISGUISE_TYPE_N_CALONORD	int	13
DISGUISE_TYPE_N_COMMF	int	14
DISGUISE_TYPE_N_COMMKIDF	int	15
DISGUISE_TYPE_N_COMMKIDM	int	16
DISGUISE_TYPE_N_COMMM	int	17
DISGUISE_TYPE_N_CZERLAOFF	int	18
DISGUISE_TYPE_N_DARKJEDIF	int	19
DISGUISE_TYPE_N_DARKJEDIM	int	20
DISGUISE_TYPE_N_DARTHMALAK	int	21
DISGUISE_TYPE_N_DARTHREVAN	int	22
DISGUISE_TYPE_N_DODONNA	int	23
DISGUISE_TYPE_N_DUROS	int	24
DISGUISE_TYPE_N_FATCOMF	int	25
DISGUISE_TYPE_N_FATCOMM	int	26
DISGUISE_TYPE_N_SMUGGLER	int	27
DISGUISE_TYPE_N_SITHSOLDIER	int	28
DISGUISE_TYPE_N_JEDICOUNTF	int	30
DISGUISE_TYPE_N_JEDICOUNTM	int	31
DISGUISE_TYPE_N_JEDIMALEK	int	32
DISGUISE_TYPE_N_JEDIMEMF	int	33
DISGUISE_TYPE_N_JEDIMEMM	int	34
DISGUISE_TYPE_N_MANDALORIAN	int	35
DISGUISE_TYPE_N_RAKATA	int	36
DISGUISE_TYPE_N_REPOFF	int	37
DISGUISE_TYPE_N_REPSOLD	int	38
DISGUISE_TYPE_N_RODIAN	int	39
DISGUISE_TYPE_C_SELKATH	int	40
DISGUISE_TYPE_N_SITHAPPREN	int	41
DISGUISE_TYPE_N_SITHCOMF	int	42
DISGUISE_TYPE_N_SITHCOMM	int	43
DISGUISE_TYPE_N_SWOOPGANG	int	45
DISGUISE_TYPE_N_TUSKEN	int	46
DISGUISE_TYPE_N_TWILEKF	int	47
DISGUISE_TYPE_N_TWILEKM	int	48
DISGUISE_TYPE_N_WALRUSMAN	int	49
DISGUISE_TYPE_N_WOOKIEF	int	50
DISGUISE_TYPE_N_WOOKIEM	int	51
DISGUISE_TYPE_N_YODA	int	52
DISGUISE_TYPE_C_BANTHA	int	53
DISGUISE_TYPE_C_BRITH	int	54
DISGUISE_TYPE_C_DEWBACK	int	55
DISGUISE_TYPE_C_DRDASSASSIN	int	56
DISGUISE_TYPE_C_DRDASTRO	int	57
DISGUISE_TYPE_C_DRDG	int	58
DISGUISE_TYPE_C_DRDMKFOUR	int	59
DISGUISE_TYPE_C_DRDMKONE	int	60
DISGUISE_TYPE_C_DRDMKTWO	int	61
DISGUISE_TYPE_C_DRDPROBE	int	62
DISGUISE_TYPE_C_DRDPROT	int	63
DISGUISE_TYPE_C_DRDSENTRY	int	64
DISGUISE_TYPE_C_DRDSPYDER	int	65
DISGUISE_TYPE_C_DRDWAR	int	66
DISGUISE_TYPE_C_FIRIXA	int	67
DISGUISE_TYPE_C_GAMMOREAN	int	68
DISGUISE_TYPE_C_GIZKA	int	69
DISGUISE_TYPE_C_HUTT	int	70
DISGUISE_TYPE_C_IRIAZ	int	71
DISGUISE_TYPE_C_ITHORIAN	int	72
DISGUISE_TYPE_C_JAWA	int	73
DISGUISE_TYPE_C_KATAARN	int	74
DISGUISE_TYPE_C_KHOUNDA	int	75
DISGUISE_TYPE_C_KHOUNDB	int	76
DISGUISE_TYPE_C_KRAYTDRAGON	int	77
DISGUISE_TYPE_C_MYKAL	int	78
DISGUISE_TYPE_C_RAKGHOUL	int	79
DISGUISE_TYPE_C_RANCOR	int	80
DISGUISE_TYPE_C_SEABEAST	int	81
DISGUISE_TYPE_C_TACH	int	83
DISGUISE_TYPE_C_TWOHEAD	int	84
DISGUISE_TYPE_C_VERKAAL	int	85
DISGUISE_TYPE_C_WRAID	int	86
DISGUISE_TYPE_C_RONTO	int	87
DISGUISE_TYPE_C_KINRATH	int	88
DISGUISE_TYPE_C_TUKATA	int	89
DISGUISE_TYPE_N_TUSKENF	int	90
DISGUISE_TYPE_P_FEM_A_SML_01	int	91
DISGUISE_TYPE_P_FEM_A_MED_01	int	92
DISGUISE_TYPE_P_FEM_A_LRG_01	int	93
DISGUISE_TYPE_P_FEM_A_SML_02	int	94
DISGUISE_TYPE_P_FEM_A_MED_02	int	95
DISGUISE_TYPE_P_FEM_A_LRG_02	int	96
DISGUISE_TYPE_P_FEM_A_SML_03	int	97
DISGUISE_TYPE_P_FEM_A_MED_03	int	98
DISGUISE_TYPE_P_FEM_A_LRG_03	int	99
DISGUISE_TYPE_P_FEM_A_SML_04	int	100
DISGUISE_TYPE_P_FEM_A_MED_04	int	101
DISGUISE_TYPE_P_FEM_A_LRG_04	int	102
DISGUISE_TYPE_P_FEM_A_SML_05	int	103
DISGUISE_TYPE_P_FEM_A_MED_05	int	104
DISGUISE_TYPE_P_FEM_A_LRG_05	int	105
DISGUISE_TYPE_P_FEM_B_SML_01	int	106
DISGUISE_TYPE_P_FEM_B_MED_01	int	107
DISGUISE_TYPE_P_FEM_B_LRG_01	int	108
DISGUISE_TYPE_P_FEM_B_SML_02	int	109
DISGUISE_TYPE_P_FEM_B_MED_02	int	110
DISGUISE_TYPE_P_FEM_B_LRG_02	int	111
DISGUISE_TYPE_P_FEM_B_SML_03	int	112
DISGUISE_TYPE_P_FEM_B_MED_03	int	113
DISGUISE_TYPE_P_FEM_B_LRG_03	int	114
DISGUISE_TYPE_P_FEM_B_SML_04	int	115
DISGUISE_TYPE_P_FEM_B_MED_04	int	116
DISGUISE_TYPE_P_FEM_B_LRG_04	int	117
DISGUISE_TYPE_P_FEM_B_SML_05	int	118
DISGUISE_TYPE_P_FEM_B_MED_05	int	119
DISGUISE_TYPE_P_FEM_B_LRG_05	int	120
DISGUISE_TYPE_P_FEM_C_SML_01	int	121
DISGUISE_TYPE_P_FEM_C_MED_01	int	122
DISGUISE_TYPE_P_FEM_C_LRG_01	int	123
DISGUISE_TYPE_P_FEM_C_SML_02	int	124
DISGUISE_TYPE_P_FEM_C_MED_02	int	125
DISGUISE_TYPE_P_FEM_C_LRG_02	int	126
DISGUISE_TYPE_P_FEM_C_SML_03	int	127
DISGUISE_TYPE_P_FEM_C_MED_03	int	128
DISGUISE_TYPE_P_FEM_C_LRG_03	int	129
DISGUISE_TYPE_P_FEM_C_SML_04	int	130
DISGUISE_TYPE_P_FEM_C_MED_04	int	131
DISGUISE_TYPE_P_FEM_C_LRG_04	int	132
DISGUISE_TYPE_P_FEM_C_SML_05	int	133
DISGUISE_TYPE_P_FEM_C_MED_05	int	134
DISGUISE_TYPE_P_FEM_C_LRG_05	int	135
DISGUISE_TYPE_P_MAL_A_SML_01	int	136
DISGUISE_TYPE_P_MAL_A_MED_01	int	137
DISGUISE_TYPE_P_MAL_A_LRG_01	int	138
DISGUISE_TYPE_P_MAL_A_SML_02	int	139
DISGUISE_TYPE_P_MAL_A_MED_02	int	140
DISGUISE_TYPE_P_MAL_A_LRG_02	int	141
DISGUISE_TYPE_P_MAL_A_SML_03	int	142
DISGUISE_TYPE_P_MAL_A_MED_03	int	143
DISGUISE_TYPE_P_MAL_A_LRG_03	int	144
DISGUISE_TYPE_P_MAL_A_SML_04	int	145
DISGUISE_TYPE_P_MAL_A_MED_04	int	146
DISGUISE_TYPE_P_MAL_A_LRG_04	int	147
DISGUISE_TYPE_P_MAL_A_SML_05	int	148
DISGUISE_TYPE_P_MAL_A_MED_05	int	149
DISGUISE_TYPE_P_MAL_A_LRG_05	int	150
DISGUISE_TYPE_P_MAL_B_SML_01	int	151
DISGUISE_TYPE_P_MAL_B_MED_01	int	152
DISGUISE_TYPE_P_MAL_B_LRG_01	int	153
DISGUISE_TYPE_P_MAL_B_SML_02	int	154
DISGUISE_TYPE_P_MAL_B_MED_02	int	155
DISGUISE_TYPE_P_MAL_B_LRG_02	int	156
DISGUISE_TYPE_P_MAL_B_SML_03	int	157
DISGUISE_TYPE_P_MAL_B_MED_03	int	158
DISGUISE_TYPE_P_MAL_B_LRG_03	int	159
DISGUISE_TYPE_P_MAL_B_SML_04	int	160
DISGUISE_TYPE_P_MAL_B_MED_04	int	161
DISGUISE_TYPE_P_MAL_B_LRG_04	int	162
DISGUISE_TYPE_P_MAL_B_SML_05	int	163
DISGUISE_TYPE_P_MAL_B_MED_05	int	164
DISGUISE_TYPE_P_MAL_B_LRG_05	int	165
DISGUISE_TYPE_P_MAL_C_SML_01	int	166
DISGUISE_TYPE_P_MAL_C_MED_01	int	167
DISGUISE_TYPE_P_MAL_C_LRG_01	int	168
DISGUISE_TYPE_P_MAL_C_SML_02	int	169
DISGUISE_TYPE_P_MAL_C_MED_02	int	170
DISGUISE_TYPE_P_MAL_C_LRG_02	int	171
DISGUISE_TYPE_P_MAL_C_SML_03	int	172
DISGUISE_TYPE_P_MAL_C_MED_03	int	173
DISGUISE_TYPE_P_MAL_C_LRG_03	int	174
DISGUISE_TYPE_P_MAL_C_SML_04	int	175
DISGUISE_TYPE_P_MAL_C_MED_04	int	176
DISGUISE_TYPE_P_MAL_C_LRG_04	int	177
DISGUISE_TYPE_P_MAL_C_SML_05	int	178
DISGUISE_TYPE_P_MAL_C_MED_05	int	179
DISGUISE_TYPE_P_MAL_C_LRG_05	int	180
DISGUISE_TYPE_ENVIRONMENTSUIT	int	181
DISGUISE_TYPE_TURRET	int	182
DISGUISE_TYPE_TURRET2	int	183
DISGUISE_TYPE_N_DARTHBAND	int	184
DISGUISE_TYPE_COMMONER_FEM_WHITE	int	185
DISGUISE_TYPE_COMMONER_FEM_BLACK	int	186
DISGUISE_TYPE_COMMONER_FEM_OLD_ASIAN	int	187
DISGUISE_TYPE_COMMONER_FEM_OLD_WHITE	int	188
DISGUISE_TYPE_COMMONER_FEM_OLD_BLACK	int	189
DISGUISE_TYPE_COMMONER_MAL_WHITE	int	190
DISGUISE_TYPE_COMMONER_MAL_BLACK	int	191
DISGUISE_TYPE_COMMONER_MAL_OLD_ASIAN	int	192
DISGUISE_TYPE_COMMONER_MAL_OLD_WHITE	int	193
DISGUISE_TYPE_COMMONER_MAL_OLD_BLACK	int	194
DISGUISE_TYPE_CZERKA_OFFICER_WHITE	int	195
DISGUISE_TYPE_CZERKA_OFFICER_BLACK	int	196
DISGUISE_TYPE_CZERKA_OFFICER_OLD_ASIAN	int	197
DISGUISE_TYPE_CZERKA_OFFICER_OLD_WHITE	int	198
DISGUISE_TYPE_CZERKA_OFFICER_OLD_BLACK	int	199
DISGUISE_TYPE_JEDI_WHITE_FEMALE_02	int	200
DISGUISE_TYPE_JEDI_WHITE_FEMALE_03	int	201
DISGUISE_TYPE_JEDI_WHITE_FEMALE_04	int	202
DISGUISE_TYPE_JEDI_WHITE_FEMALE_05	int	203
DISGUISE_TYPE_JEDI_ASIAN_FEMALE_01	int	204
DISGUISE_TYPE_JEDI_ASIAN_FEMALE_02	int	205
DISGUISE_TYPE_JEDI_ASIAN_FEMALE_03	int	206
DISGUISE_TYPE_JEDI_ASIAN_FEMALE_04	int	207
DISGUISE_TYPE_JEDI_ASIAN_FEMALE_05	int	208
DISGUISE_TYPE_JEDI_BLACK_FEMALE_01	int	209
DISGUISE_TYPE_JEDI_BLACK_FEMALE_02	int	210
DISGUISE_TYPE_JEDI_BLACK_FEMALE_03	int	211
DISGUISE_TYPE_JEDI_BLACK_FEMALE_04	int	212
DISGUISE_TYPE_JEDI_BLACK_FEMALE_05	int	213
DISGUISE_TYPE_JEDI_WHITE_MALE_02	int	214
DISGUISE_TYPE_JEDI_WHITE_MALE_03	int	215
DISGUISE_TYPE_JEDI_WHITE_MALE_04	int	216
DISGUISE_TYPE_JEDI_WHITE_MALE_05	int	217
DISGUISE_TYPE_JEDI_ASIAN_MALE_01	int	218
DISGUISE_TYPE_JEDI_ASIAN_MALE_02	int	219
DISGUISE_TYPE_JEDI_ASIAN_MALE_03	int	220
DISGUISE_TYPE_JEDI_ASIAN_MALE_04	int	221
DISGUISE_TYPE_JEDI_ASIAN_MALE_05	int	222
DISGUISE_TYPE_JEDI_BLACK_MALE_01	int	223
DISGUISE_TYPE_JEDI_BLACK_MALE_02	int	224
DISGUISE_TYPE_JEDI_BLACK_MALE_03	int	225
DISGUISE_TYPE_JEDI_BLACK_MALE_04	int	226
DISGUISE_TYPE_JEDI_BLACK_MALE_05	int	227
DISGUISE_TYPE_HUTT_02	int	228
DISGUISE_TYPE_HUTT_03	int	229
DISGUISE_TYPE_HUTT_04	int	230
DISGUISE_TYPE_DROID_ASTRO_02	int	231
DISGUISE_TYPE_DROID_ASTRO_03	int	232
DISGUISE_TYPE_DROID_PROTOCOL_02	int	233
DISGUISE_TYPE_DROID_PROTOCOL_03	int	234
DISGUISE_TYPE_DROID_PROTOCOL_04	int	235
DISGUISE_TYPE_DROID_WAR_02	int	236
DISGUISE_TYPE_DROID_WAR_03	int	237
DISGUISE_TYPE_DROID_WAR_04	int	238
DISGUISE_TYPE_DROID_WAR_05	int	239
DISGUISE_TYPE_GAMMOREAN_02	int	240
DISGUISE_TYPE_GAMMOREAN_03	int	241
DISGUISE_TYPE_GAMMOREAN_04	int	242
DISGUISE_TYPE_ITHORIAN_02	int	243
DISGUISE_TYPE_ITHORIAN_03	int	244
DISGUISE_TYPE_KATH_HOUND_A02	int	245
DISGUISE_TYPE_KATH_HOUND_A03	int	246
DISGUISE_TYPE_KATH_HOUND_A04	int	247
DISGUISE_TYPE_KATH_HOUND_B02	int	248
DISGUISE_TYPE_KATH_HOUND_B03	int	249
DISGUISE_TYPE_KATH_HOUND_B04	int	250
DISGUISE_TYPE_WRAID_02	int	251
DISGUISE_TYPE_WRAID_03	int	252
DISGUISE_TYPE_WRAID_04	int	253
DISGUISE_TYPE_RAKATA_02	int	254
DISGUISE_TYPE_RAKATA_03	int	255
DISGUISE_TYPE_RODIAN_02	int	256
DISGUISE_TYPE_RODIAN_03	int	257
DISGUISE_TYPE_RODIAN_04	int	258
DISGUISE_TYPE_SELKATH_02	int	259
DISGUISE_TYPE_SELKATH_03	int	260
DISGUISE_TYPE_SITH_SOLDIER_03	int	261
DISGUISE_TYPE_SWOOP_GANG_02	int	262
DISGUISE_TYPE_SWOOP_GANG_03	int	263
DISGUISE_TYPE_SWOOP_GANG_04	int	264
DISGUISE_TYPE_SWOOP_GANG_05	int	265
DISGUISE_TYPE_TUSKAN_RAIDER_02	int	266
DISGUISE_TYPE_TUSKAN_RAIDER_03	int	267
DISGUISE_TYPE_TUSKAN_RAIDER_04	int	268
DISGUISE_TYPE_TWILEK_MALE_02	int	269
DISGUISE_TYPE_TWILEK_FEMALE_02	int	270
DISGUISE_TYPE_WOOKIE_MALE_02	int	271
DISGUISE_TYPE_WOOKIE_MALE_03	int	272
DISGUISE_TYPE_WOOKIE_MALE_04	int	273
DISGUISE_TYPE_WOOKIE_MALE_05	int	274
DISGUISE_TYPE_WOOKIE_FEMALE_02	int	275
DISGUISE_TYPE_WOOKIE_FEMALE_03	int	276
DISGUISE_TYPE_WOOKIE_FEMALE_04	int	277
DISGUISE_TYPE_WOOKIE_FEMALE_05	int	278
DISGUISE_TYPE_ENVIRONMENTSUIT_02	int	279
DISGUISE_TYPE_YUTHURA_BAN	int	280
DISGUISE_TYPE_SHYRACK_01	int	281
DISGUISE_TYPE_SHYRACK_02	int	282
DISGUISE_TYPE_REPUBLIC_SOLDIER_MAL_BLACK	int	283
DISGUISE_TYPE_REPUBLIC_SOLDIER_MAL_OLD_ASIAN	int	284
DISGUISE_TYPE_REPUBLIC_SOLDIER_MAL_OLD_WHITE	int	285
DISGUISE_TYPE_REPUBLIC_SOLDIER_MAL_OLD_BLACK	int	286
DISGUISE_TYPE_REPUBLIC_OFFICER_MAL_BLACK	int	287
DISGUISE_TYPE_REPUBLIC_OFFICER_MAL_OLD_ASIAN	int	288
DISGUISE_TYPE_REPUBLIC_OFFICER_MAL_OLD_WHITE	int	289
DISGUISE_TYPE_REPUBLIC_OFFICER_MAL_OLD_BLACK	int	290
DISGUISE_TYPE_SITH_FEM_WHITE	int	291
DISGUISE_TYPE_SITH_FEM_BLACK	int	292
DISGUISE_TYPE_SITH_FEM_OLD_ASIAN	int	293
DISGUISE_TYPE_SITH_FEM_OLD_WHITE	int	294
DISGUISE_TYPE_SITH_FEM_OLD_BLACK	int	295
DISGUISE_TYPE_SITH_MAL_WHITE	int	296
DISGUISE_TYPE_SITH_MAL_BLACK	int	297
DISGUISE_TYPE_SITH_MAL_OLD_ASIAN	int	298
DISGUISE_TYPE_SITH_MAL_OLD_WHITE	int	299
DISGUISE_TYPE_SITH_MAL_OLD_BLACK	int	300
DISGUISE_TYPE_SITH_FEM_ASIAN	int	301
DISGUISE_TYPE_SITH_MAL_ASIAN	int	302
DISGUISE_TYPE_JEDI_WHITE_OLD_MALE	int	303
DISGUISE_TYPE_JEDI_ASIAN_OLD_MALE	int	304
DISGUISE_TYPE_JEDI_BLACK_OLD_MALE	int	305
DISGUISE_TYPE_JEDI_WHITE_OLD_FEM	int	306
DISGUISE_TYPE_JEDI_ASIAN_OLD_FEM	int	307
DISGUISE_TYPE_JEDI_BLACK_OLD_FEM	int	308
PLOT_O_DOOM	int	0
PLOT_O_SCARY_STUFF	int	1
PLOT_O_BIG_MONSTERS	int	2
FORMATION_WEDGE	int	0
FORMATION_LINE	int	1
SUBSCREEN_ID_NONE	int	0
SUBSCREEN_ID_EQUIP	int	1
SUBSCREEN_ID_ITEM	int	2
SUBSCREEN_ID_CHARACTER_RECORD	int	3
SUBSCREEN_ID_ABILITY	int	4
SUBSCREEN_ID_MAP	int	5
SUBSCREEN_ID_QUEST	int	6
SUBSCREEN_ID_OPTIONS	int	7
SUBSCREEN_ID_MESSAGES	int	8
SHIELD_DROID_ENERGY_1	int	0
SHIELD_DROID_ENERGY_2	int	1
SHIELD_DROID_ENERGY_3	int	2
SHIELD_DROID_ENVIRO_1	int	3
SHIELD_DROID_ENVIRO_2	int	4
SHIELD_DROID_ENVIRO_3	int	5
SHIELD_ENERGY	int	6
SHIELD_ENERGY_SITH	int	7
SHIELD_ENERGY_ARKANIAN	int	8
SHIELD_ECHANI	int	9
SHIELD_MANDALORIAN_MELEE	int	10
SHIELD_MANDALORIAN_POWER	int	11
SHIELD_DUELING_ECHANI	int	12
SHIELD_DUELING_YUSANIS	int	13
SHIELD_VERPINE_PROTOTYPE	int	14
SHIELD_ANTIQUE_DROID	int	15
SHIELD_PLOT_TAR_M09AA	int	16
SHIELD_PLOT_UNK_M44AA	int	17
SUBRACE_NONE	int	0
SUBRACE_WOOKIE	int	1
VIDEO_EFFECT_NONE	int	-1
VIDEO_EFFECT_SECURITY_CAMERA	int	0
VIDEO_EFFECT_FREELOOK_T3M4	int	1
VIDEO_EFFECT_FREELOOK_HK47	int	2
TUTORIAL_WINDOW_START_SWOOP_RACE	int	0
TUTORIAL_WINDOW_RETURN_TO_BASE	int	1
TUTORIAL_WINDOW_MOVEMENT_KEYS	int	2
MOVEMENT_SPEED_PC	int	0
MOVEMENT_SPEED_IMMOBILE	int	1
MOVEMENT_SPEED_VERYSLOW	int	2
MOVEMENT_SPEED_SLOW	int	3
MOVEMENT_SPEED_NORMAL	int	4
MOVEMENT_SPEED_FAST	int	5
MOVEMENT_SPEED_VERYFAST	int	6
MOVEMENT_SPEED_DEFAULT	int	7
MOVEMENT_SPEED_DMFAST	int	8
LIVE_CONTENT_PKG1	int	1
LIVE_CONTENT_PKG2	int	2
LIVE_CONTENT_PKG3	int	3
LIVE_CONTENT_PKG4	int	4
LIVE_CONTENT_PKG5	int	5
LIVE_CONTENT_PKG6	int	6
sLanguage	string	"nwscript"
