id	name	file	ncs_files
0	Random	core.ctx	972
1	PrintString	core.ctx	271
2	PrintFloat	core.ctx	0
3	FloatToString	core.ctx	216
4	PrintInteger	core.ctx	0
5	PrintObject	core.ctx	0
6	AssignCommand	commands.ctx	1853
7	DelayCommand	commands.ctx	1638
8	ExecuteScript	commands.ctx	169
9	ClearAllActions	actions.ctx	1002
10	SetFacing	actions.ctx	96
11	SwitchPlayerCharacter	party.ctx	4
12	SetTime	time.ctx	0
13	SetPartyLeader	combat.ctx	281
14	SetAreaUnescapable	misc.ctx	23
15	GetAreaUnescapable	misc.ctx	1
16	GetTimeHour	time.ctx	3
17	GetTimeMinute	time.ctx	3
18	GetTimeSecond	time.ctx	3
19	GetTimeMillisecond	time.ctx	3
20	ActionRandomWalk	actions.ctx	51
21	ActionMoveToLocation	actions.ctx	92
22	ActionMoveToObject	actions.ctx	699
23	ActionMoveAwayFromObject	combat.ctx	213
24	GetArea	objects.ctx	238
25	GetEnteringObject	commands.ctx	646
26	GetExitingObject	commands.ctx	34
27	GetPosition	objects.ctx	471
28	GetFacing	objects.ctx	94
29	GetItemPossessor	items.ctx	1
30	GetItemPossessedBy	items.ctx	463
31	CreateItemOnObject	items.ctx	663
32	ActionEquipItem	items.ctx	48
33	ActionUnequipItem	items.ctx	33
36	GetLastAttacker	misc.ctx	9
37	ActionAttack	combat.ctx	301
38	GetNearestCreature	creature.ctx	304
39	ActionSpeakString	dialog.ctx	0
40	ActionPlayAnimation	actions.ctx	1156
41	GetDistanceToObject	objects.ctx	45
42	GetIsObjectValid	objects.ctx	3045
43	ActionOpenDoor	actions.ctx	144
44	ActionCloseDoor	actions.ctx	97
46	PlaySound	presentation.ctx	132
47	GetSpellTargetObject	misc.ctx	5
48	ActionCastSpellAtObject	talents.ctx	2
49	GetCurrentHitPoints	creature.ctx	517
50	GetMaxHitPoints	creature.ctx	258
51	EffectAssuredHit	effects.ctx	17
54	CancelCombat	combat.ctx	608
55	GetCurrentForcePoints	creature.ctx	26
56	GetMaxForcePoints	creature.ctx	21
57	PauseGame	presentation.ctx	2
58	SetPlayerRestrictMode	combat.ctx	7
59	GetStringLength	core.ctx	701
60	GetStringUpperCase	core.ctx	0
61	GetStringLowerCase	core.ctx	0
62	GetStringRight	core.ctx	464
63	GetStringLeft	core.ctx	687
64	InsertString	core.ctx	0
65	GetSubString	core.ctx	21
66	FindSubString	core.ctx	21
67	fabs	core.ctx	0
68	cos	core.ctx	0
69	sin	core.ctx	0
70	tan	core.ctx	0
71	acos	core.ctx	0
72	asin	core.ctx	0
73	atan	core.ctx	0
74	log	core.ctx	0
75	pow	core.ctx	0
76	sqrt	core.ctx	0
77	abs	core.ctx	9
78	EffectHeal	effects.ctx	286
79	EffectDamage	effects.ctx	97
80	EffectAbilityIncrease	effects.ctx	4
81	EffectDamageResistance	effects.ctx	10
82	EffectResurrection	effects.ctx	251
83	GetPlayerRestrictMode	combat.ctx	206
84	GetCasterLevel	creature.ctx	1
85	GetFirstEffect	effects.ctx	230
86	GetNextEffect	effects.ctx	230
87	RemoveEffect	effects.ctx	26
88	GetIsEffectValid	effects.ctx	230
89	GetEffectDurationType	effects.ctx	0
90	GetEffectSubType	effects.ctx	0
91	GetEffectCreator	effects.ctx	2
92	IntToString	core.ctx	1023
93	GetFirstObjectInArea	objects.ctx	107
94	GetNextObjectInArea	objects.ctx	106
95	d2	core.ctx	4
96	d3	core.ctx	680
97	d4	core.ctx	214
98	d6	core.ctx	680
99	d8	core.ctx	736
100	d10	core.ctx	18
101	d12	core.ctx	674
102	d20	core.ctx	21
103	d100	core.ctx	244
104	VectorMagnitude	core.ctx	0
106	GetObjectType	objects.ctx	7
107	GetRacialType	creature.ctx	715
108	FortitudeSave	creature.ctx	2
109	ReflexSave	creature.ctx	3
110	WillSave	creature.ctx	4
111	GetSpellSaveDC	creature.ctx	2
112	MagicalEffect	effects.ctx	0
113	SupernaturalEffect	effects.ctx	0
114	ExtraordinaryEffect	effects.ctx	0
115	EffectACIncrease	effects.ctx	1
116	GetAC	creature.ctx	0
117	EffectSavingThrowIncrease	effects.ctx	1
118	EffectAttackIncrease	effects.ctx	6
119	EffectDamageReduction	effects.ctx	0
120	EffectDamageIncrease	effects.ctx	7
121	RoundsToSeconds	core.ctx	3
122	HoursToSeconds	core.ctx	1
123	TurnsToSeconds	core.ctx	0
124	SoundObjectSetFixedVariance	presentation.ctx	3
125	GetGoodEvilValue	creature.ctx	54
126	GetPartyMemberCount	party.ctx	84
127	GetAlignmentGoodEvil	creature.ctx	0
128	GetFirstObjectInShape	objects.ctx	213
129	GetNextObjectInShape	objects.ctx	212
130	EffectEntangle	effects.ctx	2
131	SignalEvent	commands.ctx	339
132	EventUserDefined	commands.ctx	340
133	EffectDeath	effects.ctx	146
134	EffectKnockdown	effects.ctx	0
135	ActionGiveItem	misc.ctx	16
136	ActionTakeItem	misc.ctx	25
137	VectorNormalize	core.ctx	36
138	GetItemStackSize	items.ctx	119
139	GetAbilityScore	creature.ctx	19
140	GetIsDead	creature.ctx	268
141	PrintVector	core.ctx	0
142	Vector	core.ctx	46
143	SetFacingPoint	actions.ctx	382
144	AngleToVector	core.ctx	0
145	VectorToAngle	core.ctx	0
148	EffectParalyze	effects.ctx	8
149	EffectSpellImmunity	effects.ctx	0
150	SetItemStackSize	items.ctx	119
151	GetDistanceBetween	objects.ctx	805
152	SetReturnStrref	module.ctx	5
153	EffectForceJump	effects.ctx	0
154	EffectSleep	effects.ctx	15
155	GetItemInSlot	items.ctx	300
156	EffectTemporaryForcePoints	effects.ctx	1
157	EffectConfused	effects.ctx	0
158	EffectFrightened	effects.ctx	0
159	EffectChoke	effects.ctx	23
160	SetGlobalString	vars.ctx	4
161	EffectStunned	effects.ctx	6
162	SetCommandable	commands.ctx	515
163	GetCommandable	commands.ctx	214
164	EffectRegenerate	effects.ctx	1
165	EffectMovementSpeedIncrease	effects.ctx	3
166	GetHitDice	creature.ctx	1515
167	ActionForceFollowObject	actions.ctx	0
168	GetTag	objects.ctx	1009
169	ResistForce	creature.ctx	2
170	GetEffectType	effects.ctx	226
171	EffectAreaOfEffect	effects.ctx	0
172	GetFactionEqual	creature.ctx	9
174	GetIsListening	creature.ctx	0
175	SetListening	creature.ctx	462
176	SetListenPattern	creature.ctx	462
180	EffectVisualEffect	effects.ctx	251
188	SoundObjectGetFixedVariance	presentation.ctx	0
194	GetGlobalString	vars.ctx	3
195	GetListenPatternNumber	misc.ctx	10
196	ActionJumpToObject	actions.ctx	97
197	GetWaypointByTag	objects.ctx	934
199	EffectLinkEffects	effects.ctx	10
200	GetObjectByTag	objects.ctx	3387
201	AdjustAlignment	creature.ctx	55
202	ActionWait	actions.ctx	1242
204	ActionStartConversation	actions.ctx	787
205	ActionPauseConversation	dialog.ctx	947
206	ActionResumeConversation	dialog.ctx	926
207	EffectBeam	effects.ctx	127
209	AdjustReputation	misc.ctx	19
210	GetModuleFileName	module.ctx	8
212	EffectForceResistanceIncrease	effects.ctx	1
213	GetLocation	objects.ctx	885
214	ActionJumpToLocation	actions.ctx	120
215	Location	objects.ctx	13
216	ApplyEffectAtLocation	effects.ctx	141
217	GetIsPC	party.ctx	796
218	FeetToMeters	core.ctx	0
219	YardsToMeters	core.ctx	0
220	ApplyEffectToObject	effects.ctx	757
221	SpeakString	dialog.ctx	8
222	GetSpellTargetLocation	misc.ctx	3
223	GetPositionFromLocation	objects.ctx	1
224	EffectBodyFuel	effects.ctx	1
225	GetFacingFromLocation	objects.ctx	0
227	GetNearestObject	objects.ctx	47
228	GetNearestObjectToLocation	objects.ctx	0
229	GetNearestObjectByTag	objects.ctx	545
230	IntToFloat	core.ctx	837
231	FloatToInt	core.ctx	133
232	StringToInt	core.ctx	473
233	StringToFloat	core.ctx	0
234	ActionCastSpellAtLocation	talents.ctx	0
235	GetIsEnemy	creature.ctx	302
236	GetIsFriend	creature.ctx	220
237	GetIsNeutral	creature.ctx	18
238	GetPCSpeaker	party.ctx	492
239	GetStringByStrRef	core.ctx	815
240	ActionSpeakStringByStrRef	dialog.ctx	0
241	DestroyObject	objects.ctx	785
242	GetModule	objects.ctx	40
243	CreateObject	objects.ctx	319
244	EventSpellCastAt	fight.ctx	3
245	GetLastSpellCaster	misc.ctx	3
246	GetLastSpell	misc.ctx	4
247	GetUserDefinedEventNumber	commands.ctx	452
248	GetSpellId	misc.ctx	6
250	EffectPoison	effects.ctx	18
251	GetLoadFromSaveGame	module.ctx	24
252	EffectAssuredDeflection	effects.ctx	0
253	GetName	creature.ctx	229
254	GetLastSpeaker	misc.ctx	9
255	BeginConversation	dialog.ctx	11
256	GetLastPerceived	perception.ctx	8
257	GetLastPerceptionHeard	perception.ctx	0
258	GetLastPerceptionInaudible	perception.ctx	0
259	GetLastPerceptionSeen	perception.ctx	2
260	GetLastClosedBy	commands.ctx	0
261	GetLastPerceptionVanished	perception.ctx	1
262	GetFirstInPersistentObject	misc.ctx	22
263	GetNextInPersistentObject	misc.ctx	14
266	SetItemNonEquippable	misc.ctx	13
269	EffectForcePushTargeted	effects.ctx	16
270	EffectHaste	effects.ctx	0
271	GiveItem	misc.ctx	8
272	ObjectToString	core.ctx	230
273	EffectImmunity	effects.ctx	1
274	GetIsImmune	effects.ctx	1
275	EffectDamageImmunityIncrease	effects.ctx	3
276	GetEncounterActive	misc.ctx	4
277	SetEncounterActive	misc.ctx	22
282	GetModuleItemAcquired	misc.ctx	14
283	GetModuleItemAcquiredFrom	misc.ctx	0
284	SetCustomToken	misc.ctx	20
285	GetHasFeat	creature.ctx	207
286	GetHasSkill	creature.ctx	1
287	ActionUseFeat	talents.ctx	0
289	GetObjectSeen	perception.ctx	209
290	GetObjectHeard	perception.ctx	0
294	ActionDoCommand	actions.ctx	1358
295	EventConversation	dialog.ctx	0
299	GetReflexAdjustedDamage	creature.ctx	2
300	PlayAnimation	actions.ctx	121
301	TalentSpell	talents.ctx	221
302	TalentFeat	talents.ctx	215
303	TalentSkill	talents.ctx	0
304	GetHasSpellEffect	effects.ctx	209
305	GetEffectSpellId	effects.ctx	1
306	GetCreatureHasTalent	talents.ctx	204
307	GetCreatureTalentRandom	talents.ctx	206
308	GetCreatureTalentBest	talents.ctx	206
309	ActionUseTalentOnObject	talents.ctx	225
310	ActionUseTalentAtLocation	talents.ctx	0
313	JumpToLocation	actions.ctx	48
314	EffectTemporaryHitpoints	effects.ctx	1
315	GetSkillRank	creature.ctx	144
316	GetAttackTarget	combat.ctx	227
319	GetDistanceBetween2D	objects.ctx	672
320	GetIsInCombat	misc.ctx	36
322	GiveGoldToCreature	items.ctx	75
323	SetIsDestroyable	creature.ctx	14
324	SetLocked	combat.ctx	231
325	GetLocked	combat.ctx	22
326	GetClickingObject	commands.ctx	0
330	GetLastUsedBy	commands.ctx	60
331	GetAbilityModifier	creature.ctx	3
335	GetDistanceToObject2D	objects.ctx	672
339	GetFirstItemInInventory	items.ctx	248
340	GetNextItemInInventory	items.ctx	240
341	GetClassByPosition	creature.ctx	5
342	GetLevelByPosition	creature.ctx	15
343	GetLevelByClass	creature.ctx	228
344	GetDamageDealtByType	fight.ctx	1
345	GetTotalDamageDealt	fight.ctx	1
346	GetLastDamager	fight.ctx	1
351	EffectSkillIncrease	effects.ctx	2
352	GetInventoryDisturbType	misc.ctx	2
353	GetInventoryDisturbItem	misc.ctx	1
354	ShowUpgradeScreen	misc.ctx	6
355	VersusAlignmentEffect	effects.ctx	0
356	VersusRacialTypeEffect	effects.ctx	0
357	VersusTrapEffect	effects.ctx	0
358	GetGender	creature.ctx	726
359	GetIsTalentValid	talents.ctx	206
361	GetAttemptedAttackTarget	combat.ctx	223
362	GetTypeFromTalent	talents.ctx	204
363	GetIdFromTalent	talents.ctx	206
367	AddJournalQuestEntry	module.ctx	104
368	RemoveJournalQuestEntry	module.ctx	13
369	GetJournalEntry	module.ctx	21
370	PlayRumblePattern	presentation.ctx	26
372	EffectDamageForcePoints	effects.ctx	6
373	EffectHealForcePoints	effects.ctx	25
375	GetAttemptedSpellTarget	misc.ctx	25
376	GetLastOpenedBy	commands.ctx	14
377	GetHasSpell	creature.ctx	682
378	OpenStore	misc.ctx	31
379	ActionSurrenderToEnemies	misc.ctx	11
382	ActionForceMoveToLocation	actions.ctx	6
383	ActionForceMoveToObject	actions.ctx	822
385	JumpToObject	actions.ctx	213
386	SetMapPinEnabled	misc.ctx	35
387	EffectHitPointChangeWhenDying	effects.ctx	0
390	GetIsLinkImmune	effects.ctx	2
391	EffectDroidStun	effects.ctx	20
392	EffectForcePushed	effects.ctx	14
393	GiveXPToCreature	creature.ctx	807
394	SetXP	creature.ctx	4
395	GetXP	creature.ctx	7
396	IntToHexString	core.ctx	0
397	GetBaseItemType	items.ctx	230
398	GetItemHasItemProperty	items.ctx	0
399	ActionEquipMostDamagingMelee	combat.ctx	218
400	ActionEquipMostDamagingRanged	combat.ctx	217
401	GetItemACValue	items.ctx	0
402	EffectForceResisted	effects.ctx	1
404	ActionEquipMostEffectiveArmor	items.ctx	0
405	GetIsDay	time.ctx	0
406	GetIsNight	time.ctx	0
407	GetIsDawn	time.ctx	0
408	GetIsDusk	time.ctx	0
409	GetIsEncounterCreature	creature.ctx	450
412	ChangeToStandardFaction	creature.ctx	429
413	SoundObjectPlay	presentation.ctx	108
414	SoundObjectStop	presentation.ctx	42
415	SoundObjectSetVolume	presentation.ctx	3
417	SpeakOneLinerConversation	dialog.ctx	0
418	GetGold	items.ctx	72
420	EffectForceFizzle	effects.ctx	1
421	SetLightsaberPowered	presentation.ctx	16
423	GetLastSpellHarmful	fight.ctx	1
425	MusicBackgroundPlay	presentation.ctx	16
426	MusicBackgroundStop	presentation.ctx	25
428	MusicBackgroundChangeDay	presentation.ctx	5
429	MusicBackgroundChangeNight	presentation.ctx	5
430	MusicBattlePlay	presentation.ctx	15
431	MusicBattleStop	presentation.ctx	8
432	MusicBattleChange	presentation.ctx	0
433	AmbientSoundPlay	presentation.ctx	2
434	AmbientSoundStop	presentation.ctx	2
435	AmbientSoundChangeDay	presentation.ctx	0
436	AmbientSoundChangeNight	presentation.ctx	0
437	GetLastKiller	fight.ctx	1
439	GetItemActivated	misc.ctx	2
440	GetItemActivator	misc.ctx	1
443	GetIsOpen	combat.ctx	12
444	TakeGoldFromCreature	items.ctx	69
445	GetIsInConversation	dialog.ctx	62
446	EffectAbilityDecrease	effects.ctx	3
447	EffectAttackDecrease	effects.ctx	1
448	EffectDamageDecrease	effects.ctx	0
449	EffectDamageImmunityDecrease	effects.ctx	0
450	EffectACDecrease	effects.ctx	2
451	EffectMovementSpeedDecrease	effects.ctx	2
452	EffectSavingThrowDecrease	effects.ctx	1
453	EffectSkillDecrease	effects.ctx	0
454	EffectForceResistanceDecrease	effects.ctx	0
455	GetPlotFlag	creature.ctx	4
456	SetPlotFlag	creature.ctx	59
457	EffectInvisibility	effects.ctx	1
458	EffectConcealment	effects.ctx	0
459	EffectForceShield	effects.ctx	5
460	EffectDispelMagicAll	effects.ctx	0
461	SetDialogPlaceableCamera	dialog.ctx	85
462	GetSoloMode	creature.ctx	209
463	EffectDisguise	effects.ctx	15
464	GetMaxStealthXP	misc.ctx	0
465	EffectTrueSeeing	effects.ctx	1
466	EffectSeeInvisible	effects.ctx	0
467	EffectTimeStop	effects.ctx	0
468	SetMaxStealthXP	misc.ctx	2
469	EffectBlasterDeflectionIncrease	effects.ctx	1
470	EffectBlasterDeflectionDecrease	effects.ctx	0
471	EffectHorrified	effects.ctx	14
472	EffectSpellLevelAbsorption	effects.ctx	0
473	EffectDispelMagicBest	effects.ctx	0
474	GetCurrentStealthXP	misc.ctx	2
475	GetNumStackedItems	misc.ctx	30
476	SurrenderToEnemies	misc.ctx	19
477	EffectMissChance	effects.ctx	0
478	SetCurrentStealthXP	misc.ctx	2
479	GetCreatureSize	creature.ctx	1
480	AwardStealthXP	misc.ctx	9
481	GetStealthXPEnabled	misc.ctx	0
482	SetStealthXPEnabled	misc.ctx	2
483	ActionUnlockObject	misc.ctx	12
484	ActionLockObject	misc.ctx	6
485	EffectModifyAttacks	effects.ctx	1
487	EffectDamageShield	effects.ctx	0
489	GetAttemptedMovementTarget	misc.ctx	16
491	GetFortitudeSavingThrow	creature.ctx	0
492	GetWillSavingThrow	creature.ctx	0
493	GetReflexSavingThrow	creature.ctx	0
494	GetChallengeRating	creature.ctx	0
497	GetSubRace	creature.ctx	460
498	GetStealthXPDecrement	misc.ctx	0
499	SetStealthXPDecrement	misc.ctx	0
501	ActionCastFakeSpellAtObject	misc.ctx	36
502	ActionCastFakeSpellAtLocation	misc.ctx	4
503	CutsceneAttack	misc.ctx	34
505	SetLockOrientationInDialog	dialog.ctx	44
506	SetLockHeadFollowInDialog	dialog.ctx	18
508	EnableVideoEffect	dialog.ctx	1
509	StartNewModule	module.ctx	187
510	DisableVideoEffect	dialog.ctx	2
511	GetWeaponRanged	items.ctx	0
512	DoSinglePlayerAutoSave	module.ctx	1
514	GetUserActionsPending	combat.ctx	204
515	RevealMap	module.ctx	104
517	ShowTutorialWindow	presentation.ctx	4
522	GetCurrentAction	misc.ctx	11
524	GetAppearanceType	creature.ctx	1
537	GetLockKeyRequired	combat.ctx	0
538	GetLockKeyTag	combat.ctx	0
539	GetLockLockable	combat.ctx	0
540	GetLockUnlockDC	combat.ctx	0
543	GetHasFeatEffect	effects.ctx	0
548	GetFirstPC	party.ctx	2358
549	GetNextPC	party.ctx	2
552	SetEffectIcon	effects.ctx	5
556	GetLastHostileActor	combat.ctx	210
558	MusicBackgroundGetDayTrack	presentation.ctx	0
559	MusicBackgroundGetNightTrack	presentation.ctx	0
564	EndGame	presentation.ctx	12
565	GetRunScriptVar	commands.ctx	14
567	AmbientSoundSetDayVolume	presentation.ctx	0
568	AmbientSoundSetNightVolume	presentation.ctx	0
569	MusicBackgroundGetBattleTrack	presentation.ctx	1
570	GetHasInventory	misc.ctx	9
574	AddPartyMember	party.ctx	27
575	RemovePartyMember	party.ctx	42
576	IsObjectPartyMember	party.ctx	333
577	GetPartyMemberByIndex	party.ctx	993
578	GetGlobalBoolean	vars.ctx	1457
579	SetGlobalBoolean	vars.ctx	1125
580	GetGlobalNumber	vars.ctx	2386
581	SetGlobalNumber	vars.ctx	1322
582	AurPostString	module.ctx	540
671	BarkString	dialog.ctx	59
675	EffectForceDrain	effects.ctx	0
676	EffectPsychicStatic	effects.ctx	1
679	GetLocalBoolean	vars.ctx	1721
680	SetLocalBoolean	vars.ctx	1759
681	GetLocalNumber	vars.ctx	716
682	SetLocalNumber	vars.ctx	713
689	SoundObjectGetPitchVariance	presentation.ctx	1
690	SoundObjectSetPitchVariance	presentation.ctx	0
691	SoundObjectGetVolume	presentation.ctx	0
692	GetGlobalLocation	misc.ctx	5
693	SetGlobalLocation	misc.ctx	5
694	AddAvailableNPCByObject	party.ctx	8
695	RemoveAvailableNPC	party.ctx	12
696	IsAvailableCreature	party.ctx	46
697	AddAvailableNPCByTemplate	party.ctx	43
698	SpawnAvailableNPC	party.ctx	24
699	IsNPCPartyMember	combat.ctx	131
700	ActionBarkString	dialog.ctx	1
701	GetIsConversationActive	dialog.ctx	27
702	EffectLightsaberThrow	effects.ctx	1
703	EffectWhirlWind	effects.ctx	3
704	GetPartyAIStyle	combat.ctx	206
705	GetNPCAIStyle	combat.ctx	206
706	SetPartyAIStyle	combat.ctx	0
707	SetNPCAIStyle	combat.ctx	35
708	SetNPCSelectability	party.ctx	10
709	GetNPCSelectability	party.ctx	4
710	ClearAllEffects	effects.ctx	64
711	GetLastConversation	dialog.ctx	0
712	ShowPartySelectionGUI	module.ctx	49
713	GetStandardFaction	creature.ctx	688
714	GivePlotXP	misc.ctx	25
715	GetMinOneHP	creature.ctx	1
716	SetMinOneHP	creature.ctx	64
719	SetGlobalFadeIn	presentation.ctx	340
720	SetGlobalFadeOut	presentation.ctx	376
721	GetLastHostileTarget	combat.ctx	206
722	GetLastAttackAction	combat.ctx	206
723	GetLastForcePowerUsed	combat.ctx	206
724	GetLastCombatFeatUsed	combat.ctx	206
725	GetLastAttackResult	combat.ctx	206
726	GetWasForcePowerSuccessful	combat.ctx	206
730	ActionFollowLeader	combat.ctx	208
732	GetIsDebilitated	combat.ctx	209
733	PlayMovie	presentation.ctx	12
734	SaveNPCState	party.ctx	6
735	GetCategoryFromTalent	talents.ctx	206
736	SurrenderByFaction	fight.ctx	2
737	ChangeFactionByFaction	misc.ctx	9
738	PlayRoomAnimation	presentation.ctx	17
740	SetPlanetSelectable	module.ctx	3
741	GetPlanetSelectable	module.ctx	0
742	SetPlanetAvailable	module.ctx	2
743	GetPlanetAvailable	module.ctx	0
745	SoundObjectFadeAndStop	presentation.ctx	6
749	ResetDialogState	dialog.ctx	2
750	SetGoodEvilValue	creature.ctx	0
751	GetIsPoisoned	effects.ctx	3
752	GetSpellTarget	misc.ctx	8
753	SetSoloMode	party.ctx	2
754	EffectCutSceneHorrified	effects.ctx	0
755	EffectCutSceneParalyze	effects.ctx	7
756	EffectCutSceneStunned	effects.ctx	0
757	CancelPostDialogCharacterSwitch	dialog.ctx	3
758	SetMaxHitPoints	creature.ctx	1
759	NoClicksFor	presentation.ctx	259
760	HoldWorldFadeInForDialog	dialog.ctx	7
761	ShipBuild	combat.ctx	593
762	SurrenderRetainBuffs	fight.ctx	5
766	CreateItemOnFloor	misc.ctx	4
767	SetAvailableNPCId	party.ctx	1
